codigo_municipio,municipio,grupo,variable,mes,de-1-ano_masculino,de-1-ano-1_femenino,1-a-4-anos_masculino,1-a-4-anos-1_femenino,5-a-9-anos_masculino,5-a-9-anos-1_femenino,10-a-20-anos_masculino,10-a-20-anos-1_femenino,21-a-59-anos_masculino,21-a-59-anos-1_femenino,60-y-mas_masculino,60-y-mas-1_femenino,totales_total-m,totales-1_total-f,totales-2_total
20201,ACHACACHI,intoxicaciones,plaguicidas,2012-01-01,0,1,0,0,0,0,0,2,0,0,0,0,0,3,3
71501,ASCENCION DE GUARAYOS,intoxicaciones,plaguicidas,2012-01-01,0,0,0,0,0,0,0,0,1,0,0,0,1,0,1
21003,CAJUATA,intoxicaciones,plaguicidas,2012-01-01,0,0,0,0,0,0,1,0,0,0,0,0,1,0,1
20303,CALACOTO,intoxicaciones,plaguicidas,2012-01-01,0,0,0,0,1,0,0,0,0,0,0,0,1,0,1
60302,CARAPARI,intoxicaciones,plaguicidas,2012-01-01,0,0,0,0,0,0,0,0,1,0,0,0,1,0,1
20501,CHUMA,intoxicaciones,plaguicidas,2012-01-01,0,0,0,0,0,0,1,0,0,0,0,0,1,0,1
30101,COCHABAMBA,intoxicaciones,plaguicidas,2012-01-01,0,0,0,0,0,0,1,8,2,8,0,0,3,16,19
71301,COMARAPA,intoxicaciones,plaguicidas,2012-01-01,0,0,0,0,0,0,0,0,2,0,0,0,2,0,2
71106,CUATRO CAÑADAS,intoxicaciones,plaguicidas,2012-01-01,0,0,0,0,0,0,0,0,0,1,0,0,0,1,1
20105,EL ALTO,intoxicaciones,plaguicidas,2012-01-01,0,0,0,1,0,0,0,2,0,1,0,0,0,4,4
70105,EL TORNO,intoxicaciones,plaguicidas,2012-01-01,0,0,0,0,0,0,1,0,0,0,0,0,1,0,1
71004,FERNANDEZ ALONSO,intoxicaciones,plaguicidas,2012-01-01,0,0,0,0,0,0,0,0,2,0,0,0,2,0,2
20802,GUAQUI,intoxicaciones,plaguicidas,2012-01-01,0,0,0,0,0,0,1,0,0,0,0,0,1,0,1
70705,GUTIERREZ,intoxicaciones,plaguicidas,2012-01-01,0,0,0,0,0,0,0,0,1,0,0,0,1,0,1
21102,IRUPANA (VILLA DE LANZA),intoxicaciones,plaguicidas,2012-01-01,0,0,0,0,0,0,0,1,0,0,0,0,0,1,1
21105,LA ASUNTA,intoxicaciones,plaguicidas,2012-01-01,0,0,0,0,0,0,0,1,0,0,0,0,0,1,1
20101,LA PAZ,intoxicaciones,plaguicidas,2012-01-01,0,0,0,0,0,0,1,1,0,3,0,0,1,4,5
70903,MAIRANA,intoxicaciones,plaguicidas,2012-01-01,0,0,0,0,0,0,0,1,0,0,0,0,0,1,1
10501,MONTEAGUDO,intoxicaciones,plaguicidas,2012-01-01,0,0,0,0,0,0,0,2,2,0,0,0,2,2,4
71001,MONTERO,intoxicaciones,plaguicidas,2012-01-01,0,0,0,0,0,0,0,0,0,1,0,0,0,1,1
40101,ORURO,intoxicaciones,plaguicidas,2012-01-01,0,0,0,0,0,0,0,0,0,1,0,0,0,1,1
70502,PAILON,intoxicaciones,plaguicidas,2012-01-01,0,0,0,0,0,0,0,0,2,0,0,0,2,0,2
20102,PALCA,intoxicaciones,plaguicidas,2012-01-01,0,0,0,0,0,0,0,0,8,0,0,0,8,0,8
70902,PAMPA GRANDE,intoxicaciones,plaguicidas,2012-01-01,0,0,0,0,0,0,1,0,0,0,0,0,1,0,1
40602,PAZÑA,intoxicaciones,plaguicidas,2012-01-01,0,0,0,0,0,0,1,0,0,0,0,0,1,0,1
31205,PUERTO VILLARROEL,intoxicaciones,plaguicidas,2012-01-01,0,0,0,0,0,0,0,2,2,0,0,0,2,2,4
31401,PUNATA,intoxicaciones,plaguicidas,2012-01-01,0,0,1,1,0,0,0,0,0,0,0,0,1,1,2
21002,QUIME,intoxicaciones,plaguicidas,2012-01-01,0,0,2,0,0,0,0,0,0,0,0,0,2,0,2
31001,SACABA,intoxicaciones,plaguicidas,2012-01-01,0,0,0,0,0,0,0,4,0,0,0,0,0,4,4
71104,SAN JULIAN,intoxicaciones,plaguicidas,2012-01-01,0,0,0,0,0,0,0,0,3,0,0,0,3,0,3
10702,SAN LUCAS,intoxicaciones,plaguicidas,2012-01-01,0,0,0,0,0,0,0,1,0,0,0,0,0,1,1
71005,SAN PEDRO,intoxicaciones,plaguicidas,2012-01-01,0,0,0,0,0,0,1,0,4,0,0,0,5,0,5
70101,SANTA CRUZ DE LA SIERRA,intoxicaciones,plaguicidas,2012-01-01,0,0,0,0,0,0,1,2,4,1,1,0,6,3,9
70602,SANTA ROSA DEL SARA,intoxicaciones,plaguicidas,2012-01-01,0,0,0,0,0,0,0,0,1,0,1,0,2,0,2
20902,SAPAHAQUI,intoxicaciones,plaguicidas,2012-01-01,0,0,0,0,0,0,0,0,0,1,0,0,0,1,1
20601,SORATA,intoxicaciones,plaguicidas,2012-01-01,0,0,0,0,0,0,0,0,0,2,1,0,1,2,3
10101,SUCRE,intoxicaciones,plaguicidas,2012-01-01,0,0,0,0,0,0,0,0,0,1,0,0,0,1,1
30401,TARATA,intoxicaciones,plaguicidas,2012-01-01,0,0,0,0,0,0,0,0,1,0,0,0,1,0,1
60101,TARIJA,intoxicaciones,plaguicidas,2012-01-01,0,0,0,0,0,0,0,1,0,1,0,0,0,2,2
20606,TIPUANI,intoxicaciones,plaguicidas,2012-01-01,0,0,0,0,0,0,0,0,0,1,0,0,0,1,1
31601,TIRAQUE (CBBA),intoxicaciones,plaguicidas,2012-01-01,0,0,0,0,0,0,1,0,0,2,0,0,1,2,3
60401,URIONDO (A. CONCEPCION),intoxicaciones,plaguicidas,2012-01-01,0,0,1,0,0,0,0,0,1,0,0,0,2,0,2
71502,URUBICHA,intoxicaciones,plaguicidas,2012-01-01,0,0,0,0,0,0,0,0,1,0,0,0,1,0,1
31003,VILLA TUNARI,intoxicaciones,plaguicidas,2012-01-01,0,0,0,0,0,0,0,1,1,4,0,0,1,5,6
11001,VILLA VACA GUZMAN (MUYUPAMPA),intoxicaciones,plaguicidas,2012-01-01,0,0,1,0,0,0,0,0,0,0,0,0,1,0,1
51501,VILLAZON,intoxicaciones,plaguicidas,2012-01-01,0,0,0,0,0,0,0,1,1,0,0,0,1,1,2
60301,YACUIBA,intoxicaciones,plaguicidas,2012-01-01,0,0,0,1,0,0,0,1,2,1,1,0,3,3,6
20201,ACHACACHI,intoxicaciones,plaguicidas,2012-02-01,0,0,0,0,0,0,1,1,0,2,0,0,1,3,4
20104,ACHOCALLA,intoxicaciones,plaguicidas,2012-02-01,0,0,0,0,0,0,0,1,0,0,0,0,0,1,1
20202,ANCORAIMES,intoxicaciones,plaguicidas,2012-02-01,0,0,0,0,0,0,0,0,1,1,0,0,1,1,2
71501,ASCENCION DE GUARAYOS,intoxicaciones,plaguicidas,2012-02-01,0,0,0,0,0,0,0,0,1,0,0,0,1,0,1
10701,CAMARGO,intoxicaciones,plaguicidas,2012-02-01,0,0,0,0,0,0,0,1,0,0,0,0,0,1,1
70706,CAMIRI,intoxicaciones,plaguicidas,2012-02-01,0,0,0,0,0,0,1,0,0,0,0,0,1,0,1
22001,CARANAVI,intoxicaciones,plaguicidas,2012-02-01,0,0,0,0,0,0,0,1,0,1,0,0,0,2,2
21101,CHULUMANI (V. DE LA LIBERTAD),intoxicaciones,plaguicidas,2012-02-01,0,0,1,0,0,0,1,3,2,1,0,0,4,4,8
20501,CHUMA,intoxicaciones,plaguicidas,2012-02-01,0,0,0,0,0,0,0,0,1,0,0,0,1,0,1
30101,COCHABAMBA,intoxicaciones,plaguicidas,2012-02-01,0,0,0,0,0,0,4,3,2,4,0,0,6,7,13
40902,COIPASA,intoxicaciones,plaguicidas,2012-02-01,0,0,0,0,0,0,0,0,0,1,0,0,0,1,1
31002,COLOMI,intoxicaciones,plaguicidas,2012-02-01,0,0,0,0,0,0,1,2,3,0,0,0,4,2,6
21004,COLQUIRI,intoxicaciones,plaguicidas,2012-02-01,0,0,0,0,0,0,1,0,0,0,0,0,1,0,1
71106,CUATRO CAÑADAS,intoxicaciones,plaguicidas,2012-02-01,0,0,0,1,0,0,1,0,1,0,0,0,2,1,3
10902,CULPINA,intoxicaciones,plaguicidas,2012-02-01,0,0,0,0,0,0,0,0,2,0,0,0,2,0,2
20105,EL ALTO,intoxicaciones,plaguicidas,2012-02-01,0,0,1,0,0,0,1,3,5,5,0,0,7,8,15
70105,EL TORNO,intoxicaciones,plaguicidas,2012-02-01,0,0,0,0,0,0,0,0,0,0,1,0,1,0,1
20405,ESCOMA,intoxicaciones,plaguicidas,2012-02-01,0,0,0,0,0,0,0,0,0,1,0,0,0,1,1
71002,GENERAL SAAVEDRA,intoxicaciones,plaguicidas,2012-02-01,0,0,0,0,0,0,1,0,1,0,0,0,2,0,2
10502,HUACARETA,intoxicaciones,plaguicidas,2012-02-01,0,0,0,0,0,0,1,0,0,0,0,0,1,0,1
70104,LA GUARDIA,intoxicaciones,plaguicidas,2012-02-01,0,0,0,0,0,0,0,0,1,0,0,0,1,0,1
10501,MONTEAGUDO,intoxicaciones,plaguicidas,2012-02-01,0,0,0,0,0,0,0,1,2,0,0,0,2,1,3
71001,MONTERO,intoxicaciones,plaguicidas,2012-02-01,0,0,0,0,0,0,0,1,1,0,0,0,1,1,2
40101,ORURO,intoxicaciones,plaguicidas,2012-02-01,0,0,0,0,0,0,0,1,1,1,0,0,1,2,3
70502,PAILON,intoxicaciones,plaguicidas,2012-02-01,0,0,0,0,0,0,0,0,3,0,0,0,3,0,3
20102,PALCA,intoxicaciones,plaguicidas,2012-02-01,0,0,0,0,0,0,0,0,1,0,0,0,1,0,1
70902,PAMPA GRANDE,intoxicaciones,plaguicidas,2012-02-01,0,0,0,0,0,0,0,0,1,0,0,0,1,0,1
21201,PUCARANI,intoxicaciones,plaguicidas,2012-02-01,0,0,0,0,0,0,0,0,0,1,0,0,0,1,1
20401,PUERTO ACOSTA,intoxicaciones,plaguicidas,2012-02-01,0,0,0,0,0,0,0,0,0,1,0,0,0,1,1
20403,PUERTO CARABUCO,intoxicaciones,plaguicidas,2012-02-01,0,0,0,0,0,0,1,0,0,2,0,0,1,2,3
31205,PUERTO VILLARROEL,intoxicaciones,plaguicidas,2012-02-01,0,0,0,0,0,0,2,5,6,0,0,0,8,5,13
31401,PUNATA,intoxicaciones,plaguicidas,2012-02-01,0,0,0,0,0,0,1,1,0,0,0,0,1,1,2
70503,ROBORE,intoxicaciones,plaguicidas,2012-02-01,0,0,0,0,0,0,0,0,1,0,0,0,1,0,1
80304,RURRENABAQUE,intoxicaciones,plaguicidas,2012-02-01,0,0,0,0,0,0,0,1,0,0,0,0,0,1,1
31001,SACABA,intoxicaciones,plaguicidas,2012-02-01,4,0,0,0,0,0,0,0,1,0,1,0,6,0,6
50701,SACACA,intoxicaciones,plaguicidas,2012-02-01,0,0,0,0,0,0,0,0,0,1,0,0,0,1,1
70301,SAN IGNACIO DE VELASCO,intoxicaciones,plaguicidas,2012-02-01,0,0,0,0,0,0,1,0,0,0,0,0,1,0,1
71104,SAN JULIAN,intoxicaciones,plaguicidas,2012-02-01,0,0,0,0,0,0,0,0,1,2,0,0,1,2,3
71005,SAN PEDRO,intoxicaciones,plaguicidas,2012-02-01,0,0,0,0,0,0,1,0,1,0,0,0,2,0,2
70101,SANTA CRUZ DE LA SIERRA,intoxicaciones,plaguicidas,2012-02-01,0,0,0,0,0,0,2,3,2,8,0,1,4,12,16
70602,SANTA ROSA DEL SARA,intoxicaciones,plaguicidas,2012-02-01,0,0,0,0,0,0,0,0,3,0,0,0,3,0,3
10403,SOPACHUY,intoxicaciones,plaguicidas,2012-02-01,0,0,0,0,0,0,0,0,1,0,0,0,1,0,1
20601,SORATA,intoxicaciones,plaguicidas,2012-02-01,0,0,1,0,0,0,0,1,0,0,0,0,1,1,2
10101,SUCRE,intoxicaciones,plaguicidas,2012-02-01,0,0,0,0,0,0,0,1,0,0,0,0,0,1,1
10601,TARABUCO,intoxicaciones,plaguicidas,2012-02-01,0,0,0,0,0,0,0,0,1,0,0,0,1,0,1
60101,TARIJA,intoxicaciones,plaguicidas,2012-02-01,0,0,2,0,0,0,1,1,2,2,0,0,5,3,8
50102,TINGUIPAYA,intoxicaciones,plaguicidas,2012-02-01,0,0,0,0,0,0,0,0,1,0,0,0,1,0,1
50201,UNCIA,intoxicaciones,plaguicidas,2012-02-01,0,0,0,0,0,0,0,0,1,1,0,0,1,1,2
60401,URIONDO (A. CONCEPCION),intoxicaciones,plaguicidas,2012-02-01,0,0,0,0,0,0,1,0,1,0,0,0,2,0,2
51201,UYUNI,intoxicaciones,plaguicidas,2012-02-01,0,0,0,0,0,0,0,1,0,0,0,0,0,1,1
10704,VILLA CHARCAS,intoxicaciones,plaguicidas,2012-02-01,0,0,0,0,0,0,0,0,0,1,0,0,0,1,1
31003,VILLA TUNARI,intoxicaciones,plaguicidas,2012-02-01,0,0,0,1,0,0,2,1,4,1,0,0,6,3,9
51501,VILLAZON,intoxicaciones,plaguicidas,2012-02-01,0,0,0,0,0,0,1,0,0,2,0,0,1,2,3
60301,YACUIBA,intoxicaciones,plaguicidas,2012-02-01,0,0,0,0,0,0,0,1,2,0,0,0,2,1,3
60402,YUNCHARA,intoxicaciones,plaguicidas,2012-02-01,0,0,0,0,0,0,0,0,1,0,0,0,1,0,1
10301,ZUDAÑEZ,intoxicaciones,plaguicidas,2012-02-01,0,0,0,0,0,0,0,0,0,0,1,0,1,0,1
20201,ACHACACHI,intoxicaciones,plaguicidas,2012-03-01,0,0,0,0,0,0,0,1,1,0,0,0,1,1,2
30201,AIQUILE,intoxicaciones,plaguicidas,2012-03-01,0,0,0,0,0,0,0,0,0,1,0,0,0,1,1
50301,BETANZOS,intoxicaciones,plaguicidas,2012-03-01,0,0,0,0,0,0,0,0,1,0,0,0,1,0,1
21101,CHULUMANI (V. DE LA LIBERTAD),intoxicaciones,plaguicidas,2012-03-01,0,0,0,1,0,1,1,0,0,0,0,0,1,2,3
20501,CHUMA,intoxicaciones,plaguicidas,2012-03-01,0,0,0,0,0,0,0,0,0,1,0,0,0,1,1
90101,COBIJA,intoxicaciones,plaguicidas,2012-03-01,0,0,0,0,0,0,0,0,0,1,0,0,0,1,1
30101,COCHABAMBA,intoxicaciones,plaguicidas,2012-03-01,0,0,1,1,1,0,1,4,1,4,0,0,4,9,13
31002,COLOMI,intoxicaciones,plaguicidas,2012-03-01,0,0,0,0,0,0,1,1,0,0,0,0,1,1,2
71301,COMARAPA,intoxicaciones,plaguicidas,2012-03-01,0,0,0,0,0,0,1,0,2,0,0,0,3,0,3
20105,EL ALTO,intoxicaciones,plaguicidas,2012-03-01,0,0,0,1,0,1,0,2,0,0,0,0,0,4,4
70105,EL TORNO,intoxicaciones,plaguicidas,2012-03-01,0,0,0,0,0,0,1,0,0,0,0,0,1,0,1
10502,HUACARETA,intoxicaciones,plaguicidas,2012-03-01,0,0,0,0,0,0,0,1,0,0,0,0,0,1,1
21102,IRUPANA (VILLA DE LANZA),intoxicaciones,plaguicidas,2012-03-01,0,0,0,0,0,0,0,0,2,0,0,0,2,0,2
21105,LA ASUNTA,intoxicaciones,plaguicidas,2012-03-01,0,0,0,0,0,0,0,0,0,1,0,0,0,1,1
70701,LAGUNILLAS,intoxicaciones,plaguicidas,2012-03-01,0,0,0,0,0,0,0,0,1,0,0,0,1,0,1
70903,MAIRANA,intoxicaciones,plaguicidas,2012-03-01,0,0,0,0,0,0,1,0,1,0,0,0,2,0,2
10501,MONTEAGUDO,intoxicaciones,plaguicidas,2012-03-01,0,0,0,0,0,0,0,0,1,0,0,0,1,0,1
71001,MONTERO,intoxicaciones,plaguicidas,2012-03-01,0,0,0,0,0,0,0,1,0,1,0,0,0,2,2
40101,ORURO,intoxicaciones,plaguicidas,2012-03-01,0,0,1,0,0,0,0,0,0,0,0,0,1,0,1
31203,POCONA,intoxicaciones,plaguicidas,2012-03-01,0,0,0,0,0,0,0,0,1,0,0,0,1,0,1
10103,POROMA,intoxicaciones,plaguicidas,2012-03-01,0,0,0,0,0,1,1,0,0,0,0,0,1,1,2
70601,PORTACHUELO,intoxicaciones,plaguicidas,2012-03-01,0,0,0,0,0,0,0,0,1,0,0,0,1,0,1
21002,QUIME,intoxicaciones,plaguicidas,2012-03-01,0,0,0,0,0,0,0,1,0,0,0,0,0,1,1
31001,SACABA,intoxicaciones,plaguicidas,2012-03-01,0,0,0,0,0,0,0,0,0,1,1,0,1,1,2
70404,SAN JUAN DE YAPACANI,intoxicaciones,plaguicidas,2012-03-01,0,0,0,0,0,0,0,0,0,1,0,0,0,1,1
71005,SAN PEDRO,intoxicaciones,plaguicidas,2012-03-01,0,0,0,0,0,0,0,0,2,0,0,0,2,0,2
70101,SANTA CRUZ DE LA SIERRA,intoxicaciones,plaguicidas,2012-03-01,0,0,0,0,0,1,0,1,5,2,1,0,6,4,10
70602,SANTA ROSA DEL SARA,intoxicaciones,plaguicidas,2012-03-01,0,0,0,0,0,0,0,0,0,0,1,0,1,0,1
20601,SORATA,intoxicaciones,plaguicidas,2012-03-01,0,0,0,0,0,0,2,1,0,0,0,0,2,1,3
60101,TARIJA,intoxicaciones,plaguicidas,2012-03-01,0,0,0,0,0,0,0,0,1,0,0,0,1,0,1
30903,TIQUIPAYA,intoxicaciones,plaguicidas,2012-03-01,0,0,0,0,0,0,1,0,0,0,0,0,1,0,1
60401,URIONDO (A. CONCEPCION),intoxicaciones,plaguicidas,2012-03-01,0,0,0,0,0,0,2,0,1,0,0,0,3,0,3
31302,VILA VILA,intoxicaciones,plaguicidas,2012-03-01,0,0,0,0,0,0,0,0,0,1,0,0,0,1,1
10704,VILLA CHARCAS,intoxicaciones,plaguicidas,2012-03-01,0,0,0,0,0,0,0,0,0,1,0,0,0,1,1
31003,VILLA TUNARI,intoxicaciones,plaguicidas,2012-03-01,1,0,0,1,0,1,2,1,3,0,1,0,7,3,10
11001,VILLA VACA GUZMAN (MUYUPAMPA),intoxicaciones,plaguicidas,2012-03-01,0,0,0,0,0,0,1,2,0,0,0,0,1,2,3
51501,VILLAZON,intoxicaciones,plaguicidas,2012-03-01,0,0,0,0,0,0,0,0,1,0,0,0,1,0,1
70201,WARNES,intoxicaciones,plaguicidas,2012-03-01,0,0,0,0,0,0,0,0,1,0,0,0,1,0,1
60301,YACUIBA,intoxicaciones,plaguicidas,2012-03-01,0,0,0,0,0,0,0,0,0,2,0,0,0,2,2
70403,YAPACANI,intoxicaciones,plaguicidas,2012-03-01,0,0,0,0,0,1,0,0,0,0,0,0,0,1,1
10102,YOTALA,intoxicaciones,plaguicidas,2012-03-01,0,0,0,0,0,0,0,1,0,0,0,0,0,1,1
20201,ACHACACHI,intoxicaciones,plaguicidas,2012-04-01,0,0,0,0,0,0,1,5,1,1,0,0,2,6,8
30201,AIQUILE,intoxicaciones,plaguicidas,2012-04-01,0,0,1,0,0,0,0,0,0,0,0,0,1,0,1
20701,APOLO,intoxicaciones,plaguicidas,2012-04-01,0,0,0,0,0,0,0,0,0,2,0,0,0,2,2
21203,BATALLAS,intoxicaciones,plaguicidas,2012-04-01,0,0,0,1,0,0,0,1,0,0,0,0,0,2,2
31204,CHIMORE,intoxicaciones,plaguicidas,2012-04-01,0,0,0,0,0,0,0,0,1,0,0,0,1,0,1
21101,CHULUMANI (V. DE LA LIBERTAD),intoxicaciones,plaguicidas,2012-04-01,0,0,0,0,0,0,0,0,2,1,0,0,2,1,3
30101,COCHABAMBA,intoxicaciones,plaguicidas,2012-04-01,0,0,2,1,1,0,0,7,3,5,0,0,6,13,19
21307,COLLANA,intoxicaciones,plaguicidas,2012-04-01,0,0,0,0,0,0,0,1,0,1,0,0,0,2,2
50401,COLQUECHACA,intoxicaciones,plaguicidas,2012-04-01,0,0,0,0,0,0,0,0,0,1,0,0,0,1,1
71301,COMARAPA,intoxicaciones,plaguicidas,2012-04-01,0,0,0,0,0,0,2,0,3,0,0,0,5,0,5
20105,EL ALTO,intoxicaciones,plaguicidas,2012-04-01,0,0,0,0,0,0,2,3,0,4,0,0,2,7,9
70105,EL TORNO,intoxicaciones,plaguicidas,2012-04-01,0,0,0,0,0,0,0,1,0,0,0,0,0,1,1
31206,ENTRE RIOS CBBA,intoxicaciones,plaguicidas,2012-04-01,0,0,0,0,0,0,0,0,1,0,0,0,1,0,1
20405,ESCOMA,intoxicaciones,plaguicidas,2012-04-01,0,0,0,0,0,0,0,0,0,0,1,0,1,0,1
20404,HUMANATA,intoxicaciones,plaguicidas,2012-04-01,0,0,0,0,0,0,0,0,0,0,1,0,1,0,1
10703,INCAHUASI,intoxicaciones,plaguicidas,2012-04-01,0,0,0,0,0,0,1,0,0,0,0,0,1,0,1
70104,LA GUARDIA,intoxicaciones,plaguicidas,2012-04-01,0,0,0,1,0,0,0,0,0,1,0,0,0,2,2
20103,MECAPACA,intoxicaciones,plaguicidas,2012-04-01,0,0,0,0,0,0,1,0,0,0,0,0,1,0,1
71001,MONTERO,intoxicaciones,plaguicidas,2012-04-01,0,0,0,0,0,0,2,0,4,0,0,0,6,0,6
30302,MOROCHATA,intoxicaciones,plaguicidas,2012-04-01,0,0,1,0,0,0,0,0,0,0,0,0,1,0,1
40101,ORURO,intoxicaciones,plaguicidas,2012-04-01,0,0,0,1,0,0,0,4,0,1,0,0,0,6,6
70601,PORTACHUELO,intoxicaciones,plaguicidas,2012-04-01,0,0,0,0,0,0,1,0,0,0,0,0,1,0,1
21201,PUCARANI,intoxicaciones,plaguicidas,2012-04-01,0,0,0,0,0,1,0,1,0,0,0,0,0,2,2
31205,PUERTO VILLARROEL,intoxicaciones,plaguicidas,2012-04-01,0,0,0,0,0,0,0,0,1,0,0,0,1,0,1
31401,PUNATA,intoxicaciones,plaguicidas,2012-04-01,0,0,1,0,1,0,0,1,0,1,0,0,2,2,4
31001,SACABA,intoxicaciones,plaguicidas,2012-04-01,0,0,0,0,0,0,0,1,2,2,0,0,2,3,5
70901,SAMAIPATA,intoxicaciones,plaguicidas,2012-04-01,0,0,0,0,0,0,0,0,0,1,0,0,0,1,1
71104,SAN JULIAN,intoxicaciones,plaguicidas,2012-04-01,0,0,0,0,0,0,0,0,0,1,0,0,0,1,1
70101,SANTA CRUZ DE LA SIERRA,intoxicaciones,plaguicidas,2012-04-01,0,0,0,1,0,0,1,4,5,4,1,0,7,9,16
20601,SORATA,intoxicaciones,plaguicidas,2012-04-01,0,0,0,0,0,0,0,1,0,0,0,0,0,1,1
10101,SUCRE,intoxicaciones,plaguicidas,2012-04-01,0,0,0,0,0,0,0,0,1,0,0,0,1,0,1
20603,TACACOMA,intoxicaciones,plaguicidas,2012-04-01,0,0,0,0,0,0,1,0,0,0,0,0,1,0,1
31601,TIRAQUE (CBBA),intoxicaciones,plaguicidas,2012-04-01,0,0,0,0,0,0,1,0,1,0,0,0,2,0,2
31003,VILLA TUNARI,intoxicaciones,plaguicidas,2012-04-01,0,0,0,0,0,0,2,8,3,1,0,0,5,9,14
20201,ACHACACHI,intoxicaciones,plaguicidas,2012-05-01,0,0,0,0,0,0,0,1,0,0,1,0,1,1,2
20104,ACHOCALLA,intoxicaciones,plaguicidas,2012-05-01,0,0,0,0,0,0,0,0,0,1,0,0,0,1,1
20202,ANCORAIMES,intoxicaciones,plaguicidas,2012-05-01,0,0,0,0,0,0,0,0,0,0,1,0,1,0,1
30501,ARANI,intoxicaciones,plaguicidas,2012-05-01,0,0,0,0,0,0,0,0,0,1,0,0,0,1,1
21203,BATALLAS,intoxicaciones,plaguicidas,2012-05-01,0,0,0,1,0,0,0,1,0,0,0,0,0,2,2
60202,BERMEJO,intoxicaciones,plaguicidas,2012-05-01,0,0,0,0,0,0,0,1,0,0,0,0,0,1,1
70703,CABEZAS,intoxicaciones,plaguicidas,2012-05-01,0,0,0,0,0,0,0,0,1,0,0,0,1,0,1
40102,CARACOLLO,intoxicaciones,plaguicidas,2012-05-01,0,0,0,0,0,0,0,1,1,0,0,0,1,1,2
22001,CARANAVI,intoxicaciones,plaguicidas,2012-05-01,0,0,0,0,0,0,0,0,1,0,0,0,1,0,1
31204,CHIMORE,intoxicaciones,plaguicidas,2012-05-01,0,0,0,0,0,0,0,1,0,0,0,0,0,1,1
21101,CHULUMANI (V. DE LA LIBERTAD),intoxicaciones,plaguicidas,2012-05-01,0,0,0,0,0,0,3,2,0,0,0,0,3,2,5
30101,COCHABAMBA,intoxicaciones,plaguicidas,2012-05-01,1,0,0,3,0,0,2,11,10,7,0,0,13,21,34
30905,COLCAPIRHUA,intoxicaciones,plaguicidas,2012-05-01,0,0,0,0,0,0,0,1,0,0,0,0,0,1,1
31002,COLOMI,intoxicaciones,plaguicidas,2012-05-01,0,0,0,0,0,0,0,1,0,1,0,0,0,2,2
71301,COMARAPA,intoxicaciones,plaguicidas,2012-05-01,0,0,0,0,0,0,1,0,0,0,0,0,1,0,1
21402,CORIPATA,intoxicaciones,plaguicidas,2012-05-01,0,0,0,0,0,0,0,0,1,0,0,0,1,0,1
21401,COROICO,intoxicaciones,plaguicidas,2012-05-01,0,0,0,0,0,0,0,0,1,0,0,0,1,0,1
70102,COTOCA,intoxicaciones,plaguicidas,2012-05-01,0,0,0,0,0,0,0,1,0,0,0,0,0,1,1
20105,EL ALTO,intoxicaciones,plaguicidas,2012-05-01,0,0,0,0,0,0,1,4,1,3,1,0,3,7,10
70105,EL TORNO,intoxicaciones,plaguicidas,2012-05-01,0,0,0,0,0,0,1,1,2,1,1,0,4,2,6
71002,GENERAL SAAVEDRA,intoxicaciones,plaguicidas,2012-05-01,0,0,1,0,0,0,0,0,0,0,0,0,1,0,1
10502,HUACARETA,intoxicaciones,plaguicidas,2012-05-01,0,0,0,0,0,0,0,0,1,0,0,0,1,0,1
21105,LA ASUNTA,intoxicaciones,plaguicidas,2012-05-01,0,0,0,0,0,0,0,1,0,0,0,0,0,1,1
20101,LA PAZ,intoxicaciones,plaguicidas,2012-05-01,0,0,0,0,0,0,0,0,2,0,0,0,2,0,2
20901,LURIBAY,intoxicaciones,plaguicidas,2012-05-01,0,0,0,0,0,0,0,1,0,2,0,0,0,3,3
70903,MAIRANA,intoxicaciones,plaguicidas,2012-05-01,0,0,0,0,0,0,0,0,0,1,0,0,0,1,1
10501,MONTEAGUDO,intoxicaciones,plaguicidas,2012-05-01,0,0,0,0,0,0,0,0,0,0,0,3,0,3,3
50404,OCURI,intoxicaciones,plaguicidas,2012-05-01,0,0,0,0,0,0,0,1,0,0,0,0,0,1,1
40101,ORURO,intoxicaciones,plaguicidas,2012-05-01,0,0,0,0,0,0,0,1,1,3,0,0,1,4,5
60201,PADCAYA,intoxicaciones,plaguicidas,2012-05-01,0,0,0,0,0,0,1,0,0,0,0,0,1,0,1
31203,POCONA,intoxicaciones,plaguicidas,2012-05-01,0,0,0,0,0,0,0,0,0,1,0,0,0,1,1
21201,PUCARANI,intoxicaciones,plaguicidas,2012-05-01,0,0,0,0,0,0,0,0,1,1,0,0,1,1,2
31205,PUERTO VILLARROEL,intoxicaciones,plaguicidas,2012-05-01,0,0,0,0,0,0,0,2,2,0,0,0,2,2,4
51101,PUNA,intoxicaciones,plaguicidas,2012-05-01,0,0,0,0,0,0,0,0,1,0,0,0,1,0,1
31401,PUNATA,intoxicaciones,plaguicidas,2012-05-01,0,0,0,0,0,0,1,1,1,1,0,0,2,2,4
31001,SACABA,intoxicaciones,plaguicidas,2012-05-01,0,0,0,0,0,0,0,1,1,1,0,0,1,2,3
10702,SAN LUCAS,intoxicaciones,plaguicidas,2012-05-01,0,0,0,0,0,0,0,1,0,0,0,0,0,1,1
71005,SAN PEDRO,intoxicaciones,plaguicidas,2012-05-01,0,0,0,0,0,0,0,0,1,0,0,0,1,0,1
70101,SANTA CRUZ DE LA SIERRA,intoxicaciones,plaguicidas,2012-05-01,0,0,1,0,0,2,0,4,7,3,0,0,8,9,17
20601,SORATA,intoxicaciones,plaguicidas,2012-05-01,0,0,0,1,0,0,0,0,0,0,0,0,0,1,1
10101,SUCRE,intoxicaciones,plaguicidas,2012-05-01,0,0,0,0,0,0,0,0,0,1,0,1,0,2,2
30401,TARATA,intoxicaciones,plaguicidas,2012-05-01,0,0,0,0,0,0,0,0,0,1,0,0,0,1,1
60101,TARIJA,intoxicaciones,plaguicidas,2012-05-01,0,0,2,0,0,0,1,0,1,0,0,0,4,0,4
20606,TIPUANI,intoxicaciones,plaguicidas,2012-05-01,0,0,0,0,0,0,0,0,1,1,0,0,1,1,2
31601,TIRAQUE (CBBA),intoxicaciones,plaguicidas,2012-05-01,0,0,0,0,0,0,0,1,1,2,1,0,2,3,5
50502,TORO TORO,intoxicaciones,plaguicidas,2012-05-01,0,0,0,0,0,0,0,0,0,1,0,0,0,1,1
70802,TRIGAL,intoxicaciones,plaguicidas,2012-05-01,0,0,0,0,0,0,0,1,0,0,0,0,0,1,1
60401,URIONDO (A. CONCEPCION),intoxicaciones,plaguicidas,2012-05-01,0,0,0,0,0,0,1,1,0,0,0,0,1,1,2
30502,VACAS,intoxicaciones,plaguicidas,2012-05-01,0,0,0,1,0,0,1,0,0,0,0,0,1,1,2
70801,VALLEGRANDE,intoxicaciones,plaguicidas,2012-05-01,0,0,0,0,0,0,0,1,0,0,0,0,0,1,1
31003,VILLA TUNARI,intoxicaciones,plaguicidas,2012-05-01,0,0,0,0,0,1,0,3,7,10,1,0,8,14,22
51501,VILLAZON,intoxicaciones,plaguicidas,2012-05-01,0,0,1,0,0,0,0,0,1,0,0,0,2,0,2
20201,ACHACACHI,intoxicaciones,plaguicidas,2012-06-01,0,0,0,0,0,0,0,0,0,2,0,0,0,2,2
30301,AYOPAYA (V. DE INDEPENDENCIA),intoxicaciones,plaguicidas,2012-06-01,0,0,0,0,0,0,0,0,1,0,0,0,1,0,1
31204,CHIMORE,intoxicaciones,plaguicidas,2012-06-01,0,0,0,0,0,0,0,0,0,1,0,0,0,1,1
21101,CHULUMANI (V. DE LA LIBERTAD),intoxicaciones,plaguicidas,2012-06-01,1,0,0,0,0,0,0,0,0,0,0,0,1,0,1
30101,COCHABAMBA,intoxicaciones,plaguicidas,2012-06-01,0,0,2,1,1,0,3,7,2,1,0,0,8,9,17
31002,COLOMI,intoxicaciones,plaguicidas,2012-06-01,0,0,0,0,0,0,0,0,1,0,0,0,1,0,1
50401,COLQUECHACA,intoxicaciones,plaguicidas,2012-06-01,0,0,0,1,0,0,1,0,0,0,0,0,1,1,2
21401,COROICO,intoxicaciones,plaguicidas,2012-06-01,0,0,0,0,0,0,0,2,2,0,0,0,2,2,4
20105,EL ALTO,intoxicaciones,plaguicidas,2012-06-01,0,0,0,0,0,0,0,2,1,1,0,0,1,3,4
20405,ESCOMA,intoxicaciones,plaguicidas,2012-06-01,0,0,0,0,0,0,0,2,0,2,0,0,0,4,4
10502,HUACARETA,intoxicaciones,plaguicidas,2012-06-01,0,0,0,0,0,0,0,0,0,0,1,0,1,0,1
20101,LA PAZ,intoxicaciones,plaguicidas,2012-06-01,0,0,0,0,0,0,6,3,6,4,0,0,12,7,19
20607,MAPIRI,intoxicaciones,plaguicidas,2012-06-01,0,0,0,0,0,0,0,0,0,1,0,0,0,1,1
10103,POROMA,intoxicaciones,plaguicidas,2012-06-01,0,0,0,0,0,0,0,0,1,0,0,0,1,0,1
50101,POTOSI,intoxicaciones,plaguicidas,2012-06-01,0,0,0,0,0,0,0,0,0,1,0,0,0,1,1
21201,PUCARANI,intoxicaciones,plaguicidas,2012-06-01,0,0,0,0,0,0,0,0,0,0,1,0,1,0,1
20401,PUERTO ACOSTA,intoxicaciones,plaguicidas,2012-06-01,0,0,0,0,0,0,0,0,0,1,0,0,0,1,1
31205,PUERTO VILLARROEL,intoxicaciones,plaguicidas,2012-06-01,0,0,0,0,0,0,0,1,2,1,0,0,2,2,4
31001,SACABA,intoxicaciones,plaguicidas,2012-06-01,0,0,0,0,0,0,0,2,0,1,0,0,0,3,3
70301,SAN IGNACIO DE VELASCO,intoxicaciones,plaguicidas,2012-06-01,0,0,1,0,0,0,0,0,0,0,0,0,1,0,1
70101,SANTA CRUZ DE LA SIERRA,intoxicaciones,plaguicidas,2012-06-01,0,0,1,0,0,1,1,0,4,4,0,0,6,5,11
70602,SANTA ROSA DEL SARA,intoxicaciones,plaguicidas,2012-06-01,0,0,0,0,0,0,0,0,0,1,0,0,0,1,1
20601,SORATA,intoxicaciones,plaguicidas,2012-06-01,0,0,0,0,0,0,0,2,1,0,0,0,1,2,3
10101,SUCRE,intoxicaciones,plaguicidas,2012-06-01,0,0,0,0,0,0,0,0,0,1,0,0,0,1,1
60101,TARIJA,intoxicaciones,plaguicidas,2012-06-01,0,0,0,0,0,0,3,1,1,2,0,0,4,3,7
10202,TARVITA,intoxicaciones,plaguicidas,2012-06-01,0,0,0,0,0,0,0,0,2,0,0,0,2,0,2
10801,VILLA SERRANO,intoxicaciones,plaguicidas,2012-06-01,0,0,0,0,0,0,0,1,0,0,0,0,0,1,1
31003,VILLA TUNARI,intoxicaciones,plaguicidas,2012-06-01,0,0,0,0,0,0,0,1,3,1,0,0,3,2,5
51501,VILLAZON,intoxicaciones,plaguicidas,2012-06-01,0,0,0,0,0,0,0,0,1,0,0,0,1,0,1
21103,YANACACHI,intoxicaciones,plaguicidas,2012-06-01,0,0,0,0,0,0,0,0,1,0,0,0,1,0,1
50103,YOCALLA,intoxicaciones,plaguicidas,2012-06-01,0,0,0,0,0,0,0,1,0,0,0,0,0,1,1
20201,ACHACACHI,intoxicaciones,plaguicidas,2012-07-01,0,0,0,0,0,0,0,2,2,1,0,0,2,3,5
20502,AYATA,intoxicaciones,plaguicidas,2012-07-01,0,0,0,0,0,0,0,0,0,1,0,0,0,1,1
60202,BERMEJO,intoxicaciones,plaguicidas,2012-07-01,0,0,0,0,0,0,0,1,0,0,0,0,0,1,1
22001,CARANAVI,intoxicaciones,plaguicidas,2012-07-01,0,0,0,0,0,0,0,0,1,0,0,0,1,0,1
21101,CHULUMANI (V. DE LA LIBERTAD),intoxicaciones,plaguicidas,2012-07-01,0,0,0,0,0,0,0,2,0,0,0,0,0,2,2
20501,CHUMA,intoxicaciones,plaguicidas,2012-07-01,0,0,0,0,0,0,0,0,0,1,0,0,0,1,1
30101,COCHABAMBA,intoxicaciones,plaguicidas,2012-07-01,0,1,0,0,0,0,2,9,5,4,2,0,9,14,23
71301,COMARAPA,intoxicaciones,plaguicidas,2012-07-01,0,0,0,0,1,0,0,1,1,0,0,0,2,1,3
21402,CORIPATA,intoxicaciones,plaguicidas,2012-07-01,0,0,0,0,0,0,0,0,1,0,0,0,1,0,1
71106,CUATRO CAÑADAS,intoxicaciones,plaguicidas,2012-07-01,0,0,0,0,0,0,0,1,0,0,0,0,0,1,1
20105,EL ALTO,intoxicaciones,plaguicidas,2012-07-01,0,0,0,0,1,0,0,4,4,6,0,0,5,10,15
70105,EL TORNO,intoxicaciones,plaguicidas,2012-07-01,0,0,0,0,0,0,1,0,2,0,0,0,3,0,3
21102,IRUPANA (VILLA DE LANZA),intoxicaciones,plaguicidas,2012-07-01,0,0,0,0,0,0,2,1,0,0,0,0,2,1,3
20806,JESUS DE MACHACA,intoxicaciones,plaguicidas,2012-07-01,0,0,0,0,0,0,0,0,1,0,0,0,1,0,1
21105,LA ASUNTA,intoxicaciones,plaguicidas,2012-07-01,0,0,0,0,0,0,0,1,0,0,0,0,0,1,1
20101,LA PAZ,intoxicaciones,plaguicidas,2012-07-01,0,0,0,0,0,0,0,6,1,4,0,0,1,10,11
20901,LURIBAY,intoxicaciones,plaguicidas,2012-07-01,0,0,0,0,0,0,1,0,0,2,0,0,1,2,3
20607,MAPIRI,intoxicaciones,plaguicidas,2012-07-01,0,0,0,0,0,0,0,1,0,1,0,0,0,2,2
10401,PADILLA,intoxicaciones,plaguicidas,2012-07-01,0,0,0,0,0,0,0,1,0,0,0,0,0,1,1
21104,PALOS BLANCOS,intoxicaciones,plaguicidas,2012-07-01,0,0,0,0,0,0,0,0,0,1,0,0,0,1,1
31205,PUERTO VILLARROEL,intoxicaciones,plaguicidas,2012-07-01,0,0,0,0,0,0,0,1,1,1,1,0,2,2,4
31001,SACABA,intoxicaciones,plaguicidas,2012-07-01,0,0,0,0,0,0,2,3,0,1,0,0,2,4,6
70402,SAN CARLOS,intoxicaciones,plaguicidas,2012-07-01,0,0,0,0,0,0,0,0,0,1,0,0,0,1,1
71005,SAN PEDRO,intoxicaciones,plaguicidas,2012-07-01,0,0,0,0,0,0,0,0,0,1,0,0,0,1,1
70101,SANTA CRUZ DE LA SIERRA,intoxicaciones,plaguicidas,2012-07-01,0,0,0,0,0,1,4,0,1,3,3,1,8,5,13
70602,SANTA ROSA DEL SARA,intoxicaciones,plaguicidas,2012-07-01,0,0,1,0,0,0,0,0,1,0,0,0,2,0,2
10101,SUCRE,intoxicaciones,plaguicidas,2012-07-01,0,0,0,1,0,0,0,0,0,2,0,0,0,3,3
60101,TARIJA,intoxicaciones,plaguicidas,2012-07-01,0,0,0,0,0,0,0,3,1,2,0,0,1,5,6
10202,TARVITA,intoxicaciones,plaguicidas,2012-07-01,0,0,0,0,0,0,0,0,1,0,0,0,1,0,1
10801,VILLA SERRANO,intoxicaciones,plaguicidas,2012-07-01,0,0,0,0,0,0,0,0,0,1,0,0,0,1,1
31003,VILLA TUNARI,intoxicaciones,plaguicidas,2012-07-01,0,0,0,0,1,0,3,3,3,1,0,0,7,4,11
20201,ACHACACHI,intoxicaciones,plaguicidas,2012-08-01,0,0,0,0,0,0,0,0,0,1,0,0,0,1,1
20104,ACHOCALLA,intoxicaciones,plaguicidas,2012-08-01,0,0,0,0,0,0,0,0,1,0,0,0,1,0,1
30201,AIQUILE,intoxicaciones,plaguicidas,2012-08-01,0,0,0,0,0,0,1,1,0,2,0,0,1,3,4
30501,ARANI,intoxicaciones,plaguicidas,2012-08-01,0,0,0,0,0,0,0,1,1,0,0,0,1,1,2
60202,BERMEJO,intoxicaciones,plaguicidas,2012-08-01,0,0,0,0,0,0,0,1,0,0,0,0,0,1,1
21304,CALAMARCA,intoxicaciones,plaguicidas,2012-08-01,0,0,0,0,0,0,0,0,0,1,0,0,0,1,1
70706,CAMIRI,intoxicaciones,plaguicidas,2012-08-01,0,0,1,0,0,0,0,0,0,0,0,0,1,0,1
22001,CARANAVI,intoxicaciones,plaguicidas,2012-08-01,0,0,0,0,0,0,0,1,0,1,0,0,0,2,2
70702,CHARAGUA,intoxicaciones,plaguicidas,2012-08-01,0,0,0,0,0,0,0,0,0,1,0,0,0,1,1
21101,CHULUMANI (V. DE LA LIBERTAD),intoxicaciones,plaguicidas,2012-08-01,0,0,0,0,0,0,0,0,1,0,0,0,1,0,1
30101,COCHABAMBA,intoxicaciones,plaguicidas,2012-08-01,0,0,1,0,0,0,2,6,4,7,0,0,7,13,20
31002,COLOMI,intoxicaciones,plaguicidas,2012-08-01,0,0,0,0,0,0,1,0,0,0,0,0,1,0,1
21402,CORIPATA,intoxicaciones,plaguicidas,2012-08-01,0,0,0,0,0,0,0,0,0,1,0,0,0,1,1
50601,COTAGAITA,intoxicaciones,plaguicidas,2012-08-01,0,0,0,0,0,0,0,0,1,0,0,0,1,0,1
20105,EL ALTO,intoxicaciones,plaguicidas,2012-08-01,0,0,0,1,0,0,0,0,2,3,0,0,2,4,6
70105,EL TORNO,intoxicaciones,plaguicidas,2012-08-01,0,0,0,0,0,0,0,0,1,0,0,0,1,0,1
60601,ENTRE RIOS TRJ,intoxicaciones,plaguicidas,2012-08-01,0,0,0,0,0,0,0,0,0,1,0,0,0,1,1
31206,ENTRE RIOS CBBA,intoxicaciones,plaguicidas,2012-08-01,0,0,0,0,0,0,0,1,0,1,0,0,0,2,2
80202,GUAYARAMERIN,intoxicaciones,plaguicidas,2012-08-01,0,0,0,0,1,0,0,0,0,0,0,0,1,0,1
10304,ICLA,intoxicaciones,plaguicidas,2012-08-01,0,0,0,0,0,0,0,0,0,1,0,0,0,1,1
21105,LA ASUNTA,intoxicaciones,plaguicidas,2012-08-01,0,0,0,0,0,0,0,0,1,1,0,0,1,1,2
20101,LA PAZ,intoxicaciones,plaguicidas,2012-08-01,0,0,0,0,0,0,1,0,9,2,1,0,11,2,13
20901,LURIBAY,intoxicaciones,plaguicidas,2012-08-01,0,0,0,0,0,0,1,1,0,0,0,0,1,1,2
20103,MECAPACA,intoxicaciones,plaguicidas,2012-08-01,0,0,0,0,0,0,0,1,0,0,0,0,0,1,1
20402,MOCOMOCO,intoxicaciones,plaguicidas,2012-08-01,0,0,0,0,0,0,0,0,1,0,0,0,1,0,1
30302,MOROCHATA,intoxicaciones,plaguicidas,2012-08-01,0,0,0,0,0,0,0,0,1,0,0,0,1,0,1
30203,OMEREQUE,intoxicaciones,plaguicidas,2012-08-01,0,0,0,0,0,0,0,0,0,1,0,0,0,1,1
10401,PADILLA,intoxicaciones,plaguicidas,2012-08-01,0,0,0,0,0,0,0,0,1,0,0,0,1,0,1
21104,PALOS BLANCOS,intoxicaciones,plaguicidas,2012-08-01,0,0,0,0,0,0,0,1,0,1,0,0,0,2,2
10103,POROMA,intoxicaciones,plaguicidas,2012-08-01,0,0,0,0,0,0,0,0,0,0,1,0,1,0,1
21201,PUCARANI,intoxicaciones,plaguicidas,2012-08-01,0,0,0,0,0,0,0,0,0,1,0,0,0,1,1
71401,PUERTO SUAREZ,intoxicaciones,plaguicidas,2012-08-01,0,0,0,0,0,0,1,0,0,0,0,0,1,0,1
31205,PUERTO VILLARROEL,intoxicaciones,plaguicidas,2012-08-01,0,0,0,0,0,0,0,1,0,3,0,0,0,4,4
31401,PUNATA,intoxicaciones,plaguicidas,2012-08-01,0,0,0,0,0,0,0,2,1,1,1,0,2,3,5
31001,SACABA,intoxicaciones,plaguicidas,2012-08-01,0,0,0,0,0,0,2,2,0,0,0,0,2,2,4
70402,SAN CARLOS,intoxicaciones,plaguicidas,2012-08-01,0,0,0,0,0,0,0,0,1,2,0,0,1,2,3
70301,SAN IGNACIO DE VELASCO,intoxicaciones,plaguicidas,2012-08-01,0,0,0,0,0,0,0,1,0,0,0,0,0,1,1
71104,SAN JULIAN,intoxicaciones,plaguicidas,2012-08-01,0,0,0,0,0,0,0,0,0,0,0,1,0,1,1
70101,SANTA CRUZ DE LA SIERRA,intoxicaciones,plaguicidas,2012-08-01,0,0,0,0,2,0,1,5,1,4,1,1,5,10,15
20601,SORATA,intoxicaciones,plaguicidas,2012-08-01,0,0,0,0,0,0,0,0,0,1,0,0,0,1,1
10101,SUCRE,intoxicaciones,plaguicidas,2012-08-01,0,0,0,0,0,0,0,1,4,1,0,0,4,2,6
60101,TARIJA,intoxicaciones,plaguicidas,2012-08-01,0,0,0,0,0,0,0,4,1,1,0,0,1,5,6
20608,TEOPONTE,intoxicaciones,plaguicidas,2012-08-01,0,0,0,0,0,0,0,0,0,1,0,0,0,1,1
50801,TUPIZA,intoxicaciones,plaguicidas,2012-08-01,0,0,0,0,0,0,0,0,0,1,0,0,0,1,1
60401,URIONDO (A. CONCEPCION),intoxicaciones,plaguicidas,2012-08-01,0,0,0,1,0,0,0,0,0,0,0,0,0,1,1
20801,VIACHA,intoxicaciones,plaguicidas,2012-08-01,0,0,0,0,0,0,0,1,0,0,0,0,0,1,1
10801,VILLA SERRANO,intoxicaciones,plaguicidas,2012-08-01,0,0,0,0,0,0,0,0,1,0,0,0,1,0,1
31003,VILLA TUNARI,intoxicaciones,plaguicidas,2012-08-01,0,0,0,0,0,0,3,1,5,2,0,0,8,3,11
11001,VILLA VACA GUZMAN (MUYUPAMPA),intoxicaciones,plaguicidas,2012-08-01,0,0,0,0,0,0,1,0,0,1,0,0,1,1,2
30904,VINTO,intoxicaciones,plaguicidas,2012-08-01,0,0,0,0,0,0,0,1,0,0,0,0,0,1,1
20201,ACHACACHI,intoxicaciones,plaguicidas,2012-09-01,0,0,0,0,0,0,0,2,0,0,0,0,0,2,2
20202,ANCORAIMES,intoxicaciones,plaguicidas,2012-09-01,0,0,0,0,0,0,0,0,0,1,0,1,0,2,2
30403,ARBIETO,intoxicaciones,plaguicidas,2012-09-01,0,0,0,0,0,0,0,0,0,1,0,0,0,1,1
21303,AYO AYO,intoxicaciones,plaguicidas,2012-09-01,0,0,0,0,0,0,0,0,1,0,0,0,1,0,1
70401,BUENA VISTA,intoxicaciones,plaguicidas,2012-09-01,0,0,0,0,0,0,0,0,0,1,0,0,0,1,1
70703,CABEZAS,intoxicaciones,plaguicidas,2012-09-01,0,0,0,0,0,0,0,0,0,0,1,0,1,0,1
60302,CARAPARI,intoxicaciones,plaguicidas,2012-09-01,0,0,0,0,0,0,0,0,1,0,0,0,1,0,1
50202,CHAYANTA,intoxicaciones,plaguicidas,2012-09-01,0,0,0,0,0,0,0,1,0,0,0,0,0,1,1
21101,CHULUMANI (V. DE LA LIBERTAD),intoxicaciones,plaguicidas,2012-09-01,0,0,0,0,0,0,0,1,1,0,0,0,1,1,2
90101,COBIJA,intoxicaciones,plaguicidas,2012-09-01,0,0,0,0,0,0,0,1,1,0,0,0,1,1,2
30101,COCHABAMBA,intoxicaciones,plaguicidas,2012-09-01,0,0,0,0,0,0,0,2,5,0,0,0,5,2,7
71301,COMARAPA,intoxicaciones,plaguicidas,2012-09-01,0,0,0,0,0,0,0,1,0,0,0,0,0,1,1
21402,CORIPATA,intoxicaciones,plaguicidas,2012-09-01,0,0,0,0,0,0,0,0,1,0,0,0,1,0,1
71106,CUATRO CAÑADAS,intoxicaciones,plaguicidas,2012-09-01,0,0,0,0,0,0,0,1,0,0,0,0,0,1,1
20105,EL ALTO,intoxicaciones,plaguicidas,2012-09-01,0,0,1,0,0,0,0,3,3,3,0,0,4,6,10
70105,EL TORNO,intoxicaciones,plaguicidas,2012-09-01,0,0,0,0,0,0,0,0,1,0,0,0,1,0,1
20405,ESCOMA,intoxicaciones,plaguicidas,2012-09-01,0,0,0,0,0,0,0,1,0,0,0,0,0,1,1
71004,FERNANDEZ ALONSO,intoxicaciones,plaguicidas,2012-09-01,0,0,0,0,0,0,0,0,1,0,0,0,1,0,1
10304,ICLA,intoxicaciones,plaguicidas,2012-09-01,0,0,0,0,0,0,0,0,1,0,0,0,1,0,1
21102,IRUPANA (VILLA DE LANZA),intoxicaciones,plaguicidas,2012-09-01,0,0,0,0,0,0,0,1,0,0,0,0,0,1,1
20806,JESUS DE MACHACA,intoxicaciones,plaguicidas,2012-09-01,0,0,1,0,0,0,0,0,0,0,0,0,1,0,1
20101,LA PAZ,intoxicaciones,plaguicidas,2012-09-01,0,0,0,0,0,0,0,3,3,6,0,0,3,9,12
70903,MAIRANA,intoxicaciones,plaguicidas,2012-09-01,0,0,0,0,0,0,0,1,0,0,0,0,0,1,1
60201,PADCAYA,intoxicaciones,plaguicidas,2012-09-01,0,0,1,0,0,0,0,0,0,0,0,0,1,0,1
20102,PALCA,intoxicaciones,plaguicidas,2012-09-01,0,0,0,0,0,0,0,0,1,0,0,0,1,0,1
70103,PORONGO,intoxicaciones,plaguicidas,2012-09-01,1,0,0,0,0,0,0,0,0,0,0,0,1,0,1
20401,PUERTO ACOSTA,intoxicaciones,plaguicidas,2012-09-01,0,0,0,0,0,0,0,1,0,0,0,0,0,1,1
31205,PUERTO VILLARROEL,intoxicaciones,plaguicidas,2012-09-01,0,0,0,0,0,0,0,0,1,0,0,0,1,0,1
31401,PUNATA,intoxicaciones,plaguicidas,2012-09-01,0,0,0,0,0,0,0,1,0,0,0,0,0,1,1
31001,SACABA,intoxicaciones,plaguicidas,2012-09-01,0,0,0,0,0,0,0,1,0,0,0,0,0,1,1
71302,SAIPINA,intoxicaciones,plaguicidas,2012-09-01,0,0,0,0,0,0,1,0,0,0,0,0,1,0,1
70402,SAN CARLOS,intoxicaciones,plaguicidas,2012-09-01,0,0,0,0,0,0,0,0,2,0,0,0,2,0,2
70301,SAN IGNACIO DE VELASCO,intoxicaciones,plaguicidas,2012-09-01,0,0,0,0,0,0,0,0,1,0,0,0,1,0,1
71005,SAN PEDRO,intoxicaciones,plaguicidas,2012-09-01,0,0,0,0,0,0,0,0,1,0,0,0,1,0,1
70101,SANTA CRUZ DE LA SIERRA,intoxicaciones,plaguicidas,2012-09-01,0,0,0,0,0,2,1,6,3,2,1,0,5,10,15
70602,SANTA ROSA DEL SARA,intoxicaciones,plaguicidas,2012-09-01,0,0,0,0,0,0,0,0,1,0,0,0,1,0,1
10101,SUCRE,intoxicaciones,plaguicidas,2012-09-01,0,0,0,0,0,0,0,0,1,1,0,0,1,1,2
60101,TARIJA,intoxicaciones,plaguicidas,2012-09-01,0,0,0,1,0,0,0,1,0,0,0,0,0,2,2
31601,TIRAQUE (CBBA),intoxicaciones,plaguicidas,2012-09-01,0,0,0,0,0,0,0,1,1,0,0,0,1,1,2
60401,URIONDO (A. CONCEPCION),intoxicaciones,plaguicidas,2012-09-01,0,0,0,0,0,0,0,1,0,0,0,0,0,1,1
31003,VILLA TUNARI,intoxicaciones,plaguicidas,2012-09-01,0,0,2,0,0,0,1,3,7,5,0,0,10,8,18
51501,VILLAZON,intoxicaciones,plaguicidas,2012-09-01,0,0,0,0,0,0,0,1,1,0,0,0,1,1,2
70403,YAPACANI,intoxicaciones,plaguicidas,2012-09-01,0,0,0,0,0,0,0,1,0,0,0,0,0,1,1
60402,YUNCHARA,intoxicaciones,plaguicidas,2012-09-01,0,0,0,0,0,0,0,1,0,0,0,0,0,1,1
20201,ACHACACHI,intoxicaciones,plaguicidas,2012-10-01,0,0,0,0,0,0,1,1,0,0,0,0,1,1,2
60202,BERMEJO,intoxicaciones,plaguicidas,2012-10-01,0,0,0,0,0,0,0,1,1,0,0,0,1,1,2
50301,BETANZOS,intoxicaciones,plaguicidas,2012-10-01,0,0,0,0,0,0,1,0,0,0,0,0,1,0,1
22001,CARANAVI,intoxicaciones,plaguicidas,2012-10-01,0,0,0,0,0,0,0,1,0,0,0,0,0,1,1
70702,CHARAGUA,intoxicaciones,plaguicidas,2012-10-01,0,0,0,0,0,0,1,0,0,0,0,0,1,0,1
31204,CHIMORE,intoxicaciones,plaguicidas,2012-10-01,0,0,0,0,0,0,0,0,1,0,0,0,1,0,1
21101,CHULUMANI (V. DE LA LIBERTAD),intoxicaciones,plaguicidas,2012-10-01,0,0,0,0,0,0,0,0,0,2,0,0,0,2,2
20501,CHUMA,intoxicaciones,plaguicidas,2012-10-01,0,0,0,0,0,0,0,0,1,0,0,0,1,0,1
90101,COBIJA,intoxicaciones,plaguicidas,2012-10-01,0,0,0,0,0,0,0,0,1,0,0,0,1,0,1
30101,COCHABAMBA,intoxicaciones,plaguicidas,2012-10-01,1,0,0,0,7,3,6,6,6,2,0,1,20,12,32
31002,COLOMI,intoxicaciones,plaguicidas,2012-10-01,0,0,0,0,0,0,3,1,0,0,0,0,3,1,4
50401,COLQUECHACA,intoxicaciones,plaguicidas,2012-10-01,0,0,0,0,0,0,0,0,0,1,0,0,0,1,1
71301,COMARAPA,intoxicaciones,plaguicidas,2012-10-01,0,0,0,2,0,0,0,1,2,0,0,0,2,3,5
71106,CUATRO CAÑADAS,intoxicaciones,plaguicidas,2012-10-01,0,0,0,0,0,0,0,0,3,1,0,0,3,1,4
20105,EL ALTO,intoxicaciones,plaguicidas,2012-10-01,0,1,0,2,0,0,0,4,0,3,0,0,0,10,10
71503,EL PUENTE(STC),intoxicaciones,plaguicidas,2012-10-01,0,0,0,0,0,0,0,0,0,1,0,0,0,1,1
31206,ENTRE RIOS CBBA,intoxicaciones,plaguicidas,2012-10-01,0,0,0,0,0,0,1,0,1,0,0,0,2,0,2
20405,ESCOMA,intoxicaciones,plaguicidas,2012-10-01,0,0,0,0,0,0,0,0,0,1,0,0,0,1,1
20101,LA PAZ,intoxicaciones,plaguicidas,2012-10-01,0,0,0,0,0,0,2,5,3,8,0,0,5,13,18
21202,LAJA,intoxicaciones,plaguicidas,2012-10-01,0,0,0,0,0,0,0,0,0,1,0,0,0,1,1
70903,MAIRANA,intoxicaciones,plaguicidas,2012-10-01,0,0,0,0,0,0,1,0,0,0,0,0,1,0,1
71001,MONTERO,intoxicaciones,plaguicidas,2012-10-01,0,0,0,0,0,0,1,1,1,0,0,0,2,1,3
60201,PADCAYA,intoxicaciones,plaguicidas,2012-10-01,0,0,1,0,0,0,0,0,1,0,0,0,2,0,2
10401,PADILLA,intoxicaciones,plaguicidas,2012-10-01,0,0,0,0,0,2,0,0,0,1,0,0,0,3,3
20702,PELECHUCO,intoxicaciones,plaguicidas,2012-10-01,0,0,0,0,0,0,0,0,0,2,0,0,0,2,2
31202,POJO (CBBA),intoxicaciones,plaguicidas,2012-10-01,0,0,0,1,0,0,0,0,0,0,0,0,0,1,1
31205,PUERTO VILLARROEL,intoxicaciones,plaguicidas,2012-10-01,0,0,0,0,0,0,1,4,0,1,0,0,1,5,6
31401,PUNATA,intoxicaciones,plaguicidas,2012-10-01,0,0,1,0,2,0,0,0,2,1,0,0,5,1,6
70904,QUIRUSILLAS,intoxicaciones,plaguicidas,2012-10-01,0,0,0,0,0,0,0,0,2,0,0,0,2,0,2
31001,SACABA,intoxicaciones,plaguicidas,2012-10-01,0,0,0,0,0,0,0,1,1,0,0,0,1,1,2
71302,SAIPINA,intoxicaciones,plaguicidas,2012-10-01,0,0,0,0,0,0,0,0,1,0,0,0,1,0,1
60501,SAN LORENZO(TJA),intoxicaciones,plaguicidas,2012-10-01,0,0,0,0,0,0,0,1,1,0,0,0,1,1,2
70303,SAN RAFAEL,intoxicaciones,plaguicidas,2012-10-01,0,0,0,0,0,0,0,0,1,0,0,0,1,0,1
70101,SANTA CRUZ DE LA SIERRA,intoxicaciones,plaguicidas,2012-10-01,0,0,1,1,1,0,3,2,2,7,0,1,7,11,18
20902,SAPAHAQUI,intoxicaciones,plaguicidas,2012-10-01,0,0,0,0,0,0,0,1,0,0,0,0,0,1,1
10101,SUCRE,intoxicaciones,plaguicidas,2012-10-01,0,0,0,0,0,0,0,0,1,2,0,0,1,2,3
10601,TARABUCO,intoxicaciones,plaguicidas,2012-10-01,0,0,0,0,0,0,0,0,0,1,0,0,0,1,1
60101,TARIJA,intoxicaciones,plaguicidas,2012-10-01,0,0,0,0,0,0,0,2,0,2,0,0,0,4,4
20608,TEOPONTE,intoxicaciones,plaguicidas,2012-10-01,0,0,0,0,0,0,0,0,0,1,0,0,0,1,1
30903,TIQUIPAYA,intoxicaciones,plaguicidas,2012-10-01,0,0,0,0,0,0,0,0,1,0,0,0,1,0,1
31601,TIRAQUE (CBBA),intoxicaciones,plaguicidas,2012-10-01,0,0,0,0,0,0,0,0,1,0,0,0,1,0,1
30802,TOCO,intoxicaciones,plaguicidas,2012-10-01,0,0,0,0,0,0,0,0,1,0,0,0,1,0,1
31003,VILLA TUNARI,intoxicaciones,plaguicidas,2012-10-01,0,0,0,0,0,0,2,4,5,4,0,0,7,8,15
70403,YAPACANI,intoxicaciones,plaguicidas,2012-10-01,0,0,0,0,0,0,0,1,3,1,0,0,3,2,5
20201,ACHACACHI,intoxicaciones,plaguicidas,2012-11-01,0,0,0,0,0,0,0,0,1,2,0,0,1,2,3
60202,BERMEJO,intoxicaciones,plaguicidas,2012-11-01,0,0,0,0,0,0,1,0,1,0,0,0,2,0,2
50301,BETANZOS,intoxicaciones,plaguicidas,2012-11-01,0,0,0,0,0,0,0,2,0,0,0,0,0,2,2
22001,CARANAVI,intoxicaciones,plaguicidas,2012-11-01,0,0,0,0,0,0,1,0,1,2,0,0,2,2,4
21101,CHULUMANI (V. DE LA LIBERTAD),intoxicaciones,plaguicidas,2012-11-01,0,0,0,0,0,0,0,0,2,0,0,0,2,0,2
20501,CHUMA,intoxicaciones,plaguicidas,2012-11-01,0,0,0,0,0,0,0,1,0,0,0,0,0,1,1
30101,COCHABAMBA,intoxicaciones,plaguicidas,2012-11-01,0,0,0,1,0,0,1,5,1,4,0,1,2,11,13
31002,COLOMI,intoxicaciones,plaguicidas,2012-11-01,0,0,1,0,0,0,0,1,0,0,0,0,1,1,2
21004,COLQUIRI,intoxicaciones,plaguicidas,2012-11-01,0,0,0,0,0,0,0,0,1,0,0,0,1,0,1
71301,COMARAPA,intoxicaciones,plaguicidas,2012-11-01,0,0,0,0,0,0,1,1,3,0,0,0,4,1,5
21402,CORIPATA,intoxicaciones,plaguicidas,2012-11-01,0,0,0,0,0,0,1,0,0,0,0,0,1,0,1
21401,COROICO,intoxicaciones,plaguicidas,2012-11-01,0,0,0,0,0,0,1,0,2,0,0,0,3,0,3
20105,EL ALTO,intoxicaciones,plaguicidas,2012-11-01,0,0,1,1,1,0,0,1,4,3,2,1,8,6,14
31206,ENTRE RIOS CBBA,intoxicaciones,plaguicidas,2012-11-01,0,0,0,0,0,0,0,0,0,3,0,0,0,3,3
20602,GUANAY,intoxicaciones,plaguicidas,2012-11-01,0,0,0,0,0,0,1,1,0,0,0,0,1,1,2
20802,GUAQUI,intoxicaciones,plaguicidas,2012-11-01,0,0,0,0,0,0,0,0,1,0,0,0,1,0,1
21105,LA ASUNTA,intoxicaciones,plaguicidas,2012-11-01,0,0,0,0,0,0,0,1,0,0,0,0,0,1,1
70104,LA GUARDIA,intoxicaciones,plaguicidas,2012-11-01,0,0,0,0,0,0,0,0,1,0,0,0,1,0,1
20101,LA PAZ,intoxicaciones,plaguicidas,2012-11-01,0,0,0,0,0,0,1,4,3,2,0,0,4,6,10
20901,LURIBAY,intoxicaciones,plaguicidas,2012-11-01,0,0,0,0,0,0,0,1,0,0,1,0,1,1,2
70903,MAIRANA,intoxicaciones,plaguicidas,2012-11-01,0,0,0,0,0,0,0,0,1,1,0,0,1,1,2
71003,MINEROS,intoxicaciones,plaguicidas,2012-11-01,0,0,0,0,0,0,0,0,1,0,0,0,1,0,1
10401,PADILLA,intoxicaciones,plaguicidas,2012-11-01,0,0,0,0,0,0,2,1,3,0,0,0,5,1,6
31203,POCONA,intoxicaciones,plaguicidas,2012-11-01,0,0,0,0,0,0,0,0,0,1,0,0,0,1,1
90201,PUERTO RICO,intoxicaciones,plaguicidas,2012-11-01,0,0,0,0,0,0,0,0,0,0,0,1,0,1,1
31205,PUERTO VILLARROEL,intoxicaciones,plaguicidas,2012-11-01,0,0,0,0,0,0,1,0,0,0,0,0,1,0,1
31401,PUNATA,intoxicaciones,plaguicidas,2012-11-01,0,0,0,0,0,0,0,0,1,0,0,0,1,0,1
50402,RAVELO,intoxicaciones,plaguicidas,2012-11-01,0,0,0,0,1,0,0,0,1,0,0,1,2,1,3
31001,SACABA,intoxicaciones,plaguicidas,2012-11-01,0,0,0,0,0,0,0,1,0,1,0,0,0,2,2
70901,SAMAIPATA,intoxicaciones,plaguicidas,2012-11-01,0,0,0,0,0,0,0,0,1,0,0,0,1,0,1
70402,SAN CARLOS,intoxicaciones,plaguicidas,2012-11-01,0,0,0,0,0,0,2,0,0,0,0,0,2,0,2
71104,SAN JULIAN,intoxicaciones,plaguicidas,2012-11-01,0,0,0,0,0,0,0,0,1,1,0,0,1,1,2
71005,SAN PEDRO,intoxicaciones,plaguicidas,2012-11-01,0,0,0,0,0,0,0,0,1,0,0,0,1,0,1
70101,SANTA CRUZ DE LA SIERRA,intoxicaciones,plaguicidas,2012-11-01,0,0,1,1,2,1,2,2,4,3,1,0,10,7,17
20205,SANTIAGO DE HUATA,intoxicaciones,plaguicidas,2012-11-01,0,0,0,0,0,0,0,0,0,0,0,1,0,1,1
20601,SORATA,intoxicaciones,plaguicidas,2012-11-01,0,0,0,0,0,0,0,2,0,0,0,0,0,2,2
10101,SUCRE,intoxicaciones,plaguicidas,2012-11-01,0,0,1,0,0,0,0,2,2,0,0,0,3,2,5
10601,TARABUCO,intoxicaciones,plaguicidas,2012-11-01,0,0,0,0,0,0,1,0,0,2,0,0,1,2,3
60101,TARIJA,intoxicaciones,plaguicidas,2012-11-01,0,0,0,0,0,0,0,5,4,2,0,0,4,7,11
31601,TIRAQUE (CBBA),intoxicaciones,plaguicidas,2012-11-01,0,0,1,0,0,0,0,0,0,0,0,0,1,0,1
30502,VACAS,intoxicaciones,plaguicidas,2012-11-01,0,0,0,0,0,0,0,1,0,0,0,0,0,1,1
60303,VILLA MONTES,intoxicaciones,plaguicidas,2012-11-01,0,0,0,1,3,0,0,0,0,0,0,0,3,1,4
31003,VILLA TUNARI,intoxicaciones,plaguicidas,2012-11-01,0,0,0,0,0,0,1,1,2,1,1,0,4,2,6
51501,VILLAZON,intoxicaciones,plaguicidas,2012-11-01,0,0,0,0,0,0,0,0,1,0,0,0,1,0,1
70403,YAPACANI,intoxicaciones,plaguicidas,2012-11-01,0,0,0,0,0,0,0,0,1,0,0,0,1,0,1
20201,ACHACACHI,intoxicaciones,plaguicidas,2012-12-01,0,0,0,0,0,0,0,2,0,0,0,0,0,2,2
10404,ALCALA,intoxicaciones,plaguicidas,2012-12-01,0,0,0,0,0,0,0,1,0,0,0,0,0,1,1
20502,AYATA,intoxicaciones,plaguicidas,2012-12-01,0,0,0,0,0,0,0,0,0,1,0,0,0,1,1
21303,AYO AYO,intoxicaciones,plaguicidas,2012-12-01,0,0,0,0,0,0,0,0,1,0,0,0,1,0,1
60202,BERMEJO,intoxicaciones,plaguicidas,2012-12-01,0,0,0,0,0,0,0,0,1,0,0,0,1,0,1
21003,CAJUATA,intoxicaciones,plaguicidas,2012-12-01,0,0,0,0,0,0,0,2,0,0,0,0,0,2,2
22001,CARANAVI,intoxicaciones,plaguicidas,2012-12-01,0,0,0,0,0,0,0,1,0,0,0,0,0,1,1
60302,CARAPARI,intoxicaciones,plaguicidas,2012-12-01,0,0,0,0,0,0,0,0,2,0,0,0,2,0,2
21101,CHULUMANI (V. DE LA LIBERTAD),intoxicaciones,plaguicidas,2012-12-01,0,0,0,0,0,0,1,2,0,1,0,0,1,3,4
30101,COCHABAMBA,intoxicaciones,plaguicidas,2012-12-01,0,0,0,0,0,0,4,5,3,4,1,0,8,9,17
30905,COLCAPIRHUA,intoxicaciones,plaguicidas,2012-12-01,0,0,0,0,0,0,0,1,0,1,0,0,0,2,2
70603,COLPA BELGICA,intoxicaciones,plaguicidas,2012-12-01,0,0,0,0,0,0,0,1,0,0,0,0,0,1,1
50401,COLQUECHACA,intoxicaciones,plaguicidas,2012-12-01,0,0,0,0,0,0,0,0,0,1,0,0,0,1,1
21004,COLQUIRI,intoxicaciones,plaguicidas,2012-12-01,0,0,0,0,0,0,0,0,1,0,0,0,1,0,1
71301,COMARAPA,intoxicaciones,plaguicidas,2012-12-01,0,0,0,0,0,0,0,0,0,1,0,0,0,1,1
21402,CORIPATA,intoxicaciones,plaguicidas,2012-12-01,0,0,0,0,0,0,0,0,1,0,0,0,1,0,1
70102,COTOCA,intoxicaciones,plaguicidas,2012-12-01,0,0,0,0,0,0,0,0,1,0,0,0,1,0,1
71106,CUATRO CAÑADAS,intoxicaciones,plaguicidas,2012-12-01,0,0,0,0,0,0,2,1,1,1,0,0,3,2,5
20105,EL ALTO,intoxicaciones,plaguicidas,2012-12-01,0,0,1,0,0,0,5,7,2,7,0,0,8,14,22
20802,GUAQUI,intoxicaciones,plaguicidas,2012-12-01,0,0,0,0,0,0,0,0,0,0,1,0,1,0,1
21102,IRUPANA (VILLA DE LANZA),intoxicaciones,plaguicidas,2012-12-01,0,0,0,0,0,0,0,1,0,0,0,0,0,1,1
21105,LA ASUNTA,intoxicaciones,plaguicidas,2012-12-01,0,0,0,0,0,0,0,0,0,1,0,0,0,1,1
20101,LA PAZ,intoxicaciones,plaguicidas,2012-12-01,0,0,0,0,0,0,4,0,3,6,0,0,7,6,13
10501,MONTEAGUDO,intoxicaciones,plaguicidas,2012-12-01,0,0,0,0,0,0,1,0,0,0,0,0,1,0,1
10401,PADILLA,intoxicaciones,plaguicidas,2012-12-01,0,0,0,0,0,0,0,1,0,0,0,0,0,1,1
70502,PAILON,intoxicaciones,plaguicidas,2012-12-01,0,0,0,0,0,0,3,0,1,0,0,0,4,0,4
70902,PAMPA GRANDE,intoxicaciones,plaguicidas,2012-12-01,0,0,0,0,0,0,1,0,0,0,0,0,1,0,1
21201,PUCARANI,intoxicaciones,plaguicidas,2012-12-01,0,0,0,0,0,0,0,1,0,0,0,0,0,1,1
31205,PUERTO VILLARROEL,intoxicaciones,plaguicidas,2012-12-01,0,0,1,1,0,1,0,2,1,1,0,0,2,5,7
31001,SACABA,intoxicaciones,plaguicidas,2012-12-01,0,0,0,0,0,0,0,0,1,0,0,0,1,0,1
30404,SACABAMBA,intoxicaciones,plaguicidas,2012-12-01,0,0,0,0,0,0,0,0,2,0,0,0,2,0,2
71302,SAIPINA,intoxicaciones,plaguicidas,2012-12-01,0,0,0,0,0,0,0,0,1,0,0,0,1,0,1
70901,SAMAIPATA,intoxicaciones,plaguicidas,2012-12-01,0,0,0,0,0,0,0,0,1,0,0,0,1,0,1
70101,SANTA CRUZ DE LA SIERRA,intoxicaciones,plaguicidas,2012-12-01,0,0,0,0,0,0,1,0,6,7,0,0,7,7,14
70602,SANTA ROSA DEL SARA,intoxicaciones,plaguicidas,2012-12-01,0,0,0,0,0,0,1,0,1,0,1,0,3,0,3
10101,SUCRE,intoxicaciones,plaguicidas,2012-12-01,0,0,0,0,0,0,0,1,0,1,0,0,0,2,2
60101,TARIJA,intoxicaciones,plaguicidas,2012-12-01,0,0,0,0,0,0,1,2,3,2,0,0,4,4,8
10202,TARVITA,intoxicaciones,plaguicidas,2012-12-01,0,0,0,0,0,0,0,0,0,2,0,0,0,2,2
50801,TUPIZA,intoxicaciones,plaguicidas,2012-12-01,0,0,1,1,0,0,0,0,0,0,0,0,1,1,2
60401,URIONDO (A. CONCEPCION),intoxicaciones,plaguicidas,2012-12-01,0,0,1,0,0,0,0,0,1,0,0,0,2,0,2
31003,VILLA TUNARI,intoxicaciones,plaguicidas,2012-12-01,0,0,0,0,0,0,1,3,2,2,0,0,3,5,8
51501,VILLAZON,intoxicaciones,plaguicidas,2012-12-01,0,0,0,0,0,0,1,1,1,0,0,0,2,1,3
70201,WARNES,intoxicaciones,plaguicidas,2012-12-01,0,0,0,0,0,0,0,0,0,1,0,0,0,1,1
70403,YAPACANI,intoxicaciones,plaguicidas,2012-12-01,0,0,0,0,0,0,0,0,0,1,0,0,0,1,1
