codigo_municipio,municipio,grupo,variable,mes,a-menor-de-6-meses_masculino,a-menor-de-6-meses-1_femenino,b-6-m-a-menor-de-1-ano_masculino,b-6-m-a-menor-de-1-ano-1_femenino,c-1-4-anos_masculino,c-1-4-anos-1_femenino,d-5-9-anos_masculino,d-5-9-anos-1_femenino,e-10-14-anos_masculino,e-10-14-anos-1_femenino,f-15-19-anos_masculino,f-15-19-anos-1_femenino,g-20-39-anos_masculino,g-20-39-anos-1_femenino,h-40-49-anos_masculino,h-40-49-anos-1_femenino,i-50-59-anos_masculino,i-50-59-anos-1_femenino,j-60-anos-y-mas_masculino,j-60-anos-y-mas-1_femenino,totales_total-m,totales-1_total-f,totales-2_total
20201,ACHACACHI,infecc. de transmision sexual,gonorrea,2015-01-01,0,0,0,0,0,0,0,0,0,0,0,0,0,0,0,0,0,0,1,1,1,1,2
10201,AZURDUY,infecc. de transmision sexual,gonorrea,2015-01-01,0,0,0,0,0,0,0,0,0,0,0,0,0,0,0,0,0,0,0,2,0,2,2
60202,BERMEJO,infecc. de transmision sexual,gonorrea,2015-01-01,0,0,0,0,0,0,0,0,0,0,0,0,1,0,0,0,0,0,0,0,1,0,1
90101,COBIJA,infecc. de transmision sexual,gonorrea,2015-01-01,0,0,0,0,0,0,0,0,0,0,0,0,1,0,0,0,0,0,0,0,1,0,1
30101,COCHABAMBA,infecc. de transmision sexual,gonorrea,2015-01-01,0,0,0,0,0,0,0,0,0,0,3,0,5,0,2,4,0,14,0,0,10,18,28
21307,COLLANA,infecc. de transmision sexual,gonorrea,2015-01-01,0,0,0,0,0,0,0,0,0,0,0,0,0,1,0,0,0,0,0,0,0,1,1
31002,COLOMI,infecc. de transmision sexual,gonorrea,2015-01-01,0,0,0,0,0,0,0,0,0,0,0,0,1,0,0,0,0,0,0,0,1,0,1
70102,COTOCA,infecc. de transmision sexual,gonorrea,2015-01-01,0,0,0,0,0,0,0,0,0,0,0,1,0,0,0,0,0,0,0,0,0,1,1
20105,EL ALTO,infecc. de transmision sexual,gonorrea,2015-01-01,0,0,0,0,0,0,0,0,0,1,3,0,3,0,0,0,0,0,1,0,7,1,8
31206,ENTRE RIOS CBBA,infecc. de transmision sexual,gonorrea,2015-01-01,0,0,0,0,0,0,0,0,0,0,0,0,1,0,0,0,0,0,0,0,1,0,1
21005,ICHOCA,infecc. de transmision sexual,gonorrea,2015-01-01,0,0,0,0,0,0,0,0,0,0,0,0,1,1,0,0,0,0,0,0,1,1,2
70104,LA GUARDIA,infecc. de transmision sexual,gonorrea,2015-01-01,0,0,0,0,0,0,0,0,0,0,0,0,1,0,0,0,0,0,0,0,1,0,1
20101,LA PAZ,infecc. de transmision sexual,gonorrea,2015-01-01,0,0,0,0,0,0,0,0,0,0,3,0,4,13,0,0,0,0,1,0,8,13,21
21202,LAJA,infecc. de transmision sexual,gonorrea,2015-01-01,0,0,0,0,0,0,0,0,0,0,0,0,0,1,0,1,0,2,0,0,0,4,4
40702,MACHACAMARCA,infecc. de transmision sexual,gonorrea,2015-01-01,0,0,0,0,0,0,0,0,0,0,0,0,2,0,0,0,0,0,0,0,2,0,2
80801,MAGDALENA,infecc. de transmision sexual,gonorrea,2015-01-01,0,0,0,0,0,0,0,0,0,0,0,0,0,0,0,0,0,0,1,0,1,0,1
70903,MAIRANA,infecc. de transmision sexual,gonorrea,2015-01-01,0,0,0,0,0,0,0,0,0,0,0,0,1,0,0,0,0,0,0,0,1,0,1
10501,MONTEAGUDO,infecc. de transmision sexual,gonorrea,2015-01-01,0,0,0,0,0,0,0,0,0,0,0,0,0,1,0,0,0,0,0,0,0,1,1
71001,MONTERO,infecc. de transmision sexual,gonorrea,2015-01-01,0,0,0,0,0,0,0,0,0,0,0,0,1,0,0,0,0,0,0,0,1,0,1
40101,ORURO,infecc. de transmision sexual,gonorrea,2015-01-01,0,0,0,0,0,0,0,0,0,0,0,0,2,2,0,1,1,0,0,0,3,3,6
21104,PALOS BLANCOS,infecc. de transmision sexual,gonorrea,2015-01-01,0,0,0,0,0,0,0,0,0,0,0,0,0,1,0,0,0,0,0,0,0,1,1
21802,PAPEL PAMPA,infecc. de transmision sexual,gonorrea,2015-01-01,0,0,0,0,0,0,0,0,0,0,0,0,0,1,0,0,0,0,0,0,0,1,1
50101,POTOSI,infecc. de transmision sexual,gonorrea,2015-01-01,0,0,0,0,0,0,0,0,0,0,0,0,0,0,1,0,0,0,0,0,1,0,1
31401,PUNATA,infecc. de transmision sexual,gonorrea,2015-01-01,0,0,0,0,0,0,0,0,0,0,0,0,0,1,0,0,0,0,0,0,0,1,1
70904,QUIRUSILLAS,infecc. de transmision sexual,gonorrea,2015-01-01,0,0,0,0,0,0,0,0,0,0,1,0,0,0,0,0,0,0,0,0,1,0,1
80201,RIBERALTA,infecc. de transmision sexual,gonorrea,2015-01-01,0,0,0,0,0,0,0,0,0,1,0,3,0,4,0,0,0,0,0,0,0,8,8
80304,RURRENABAQUE,infecc. de transmision sexual,gonorrea,2015-01-01,0,0,0,0,0,0,0,0,0,0,0,1,0,0,1,0,0,0,0,0,1,1,2
31001,SACABA,infecc. de transmision sexual,gonorrea,2015-01-01,0,0,0,0,0,0,0,0,0,0,2,1,2,1,0,0,0,0,0,0,4,2,6
80302,SAN BORJA,infecc. de transmision sexual,gonorrea,2015-01-01,0,0,0,0,0,0,0,0,0,0,1,0,0,0,0,0,0,0,0,0,1,0,1
70301,SAN IGNACIO DE VELASCO,infecc. de transmision sexual,gonorrea,2015-01-01,0,0,0,0,0,0,0,0,0,0,0,0,1,0,0,0,0,0,0,0,1,0,1
71005,SAN PEDRO,infecc. de transmision sexual,gonorrea,2015-01-01,0,0,0,0,0,0,0,0,0,0,0,1,1,0,0,0,0,0,0,0,1,1,2
70101,SANTA CRUZ DE LA SIERRA,infecc. de transmision sexual,gonorrea,2015-01-01,0,0,0,0,0,0,0,0,0,0,4,7,17,24,5,2,2,3,0,1,28,37,65
20902,SAPAHAQUI,infecc. de transmision sexual,gonorrea,2015-01-01,0,0,0,0,0,0,0,0,0,0,0,0,0,0,0,0,0,0,1,0,1,0,1
30902,SIPE SIPE,infecc. de transmision sexual,gonorrea,2015-01-01,0,0,0,0,0,0,0,0,0,0,0,0,0,0,0,1,0,0,0,0,0,1,1
10101,SUCRE,infecc. de transmision sexual,gonorrea,2015-01-01,0,0,0,0,0,0,0,0,0,0,1,1,1,2,0,0,0,0,0,0,2,3,5
60101,TARIJA,infecc. de transmision sexual,gonorrea,2015-01-01,0,0,0,0,0,0,0,0,0,0,0,0,1,0,0,0,0,0,0,0,1,0,1
30903,TIQUIPAYA,infecc. de transmision sexual,gonorrea,2015-01-01,0,0,0,0,0,0,0,0,0,0,0,1,1,5,0,0,0,0,0,0,1,6,7
31601,TIRAQUE (CBBA),infecc. de transmision sexual,gonorrea,2015-01-01,0,0,0,0,0,0,0,0,0,0,0,0,0,1,0,0,0,0,0,0,0,1,1
80101,TRINIDAD,infecc. de transmision sexual,gonorrea,2015-01-01,0,0,0,0,0,0,0,0,0,0,2,0,8,0,1,0,1,0,0,0,12,0,12
50201,UNCIA,infecc. de transmision sexual,gonorrea,2015-01-01,0,0,0,0,0,0,0,0,0,0,0,0,1,3,0,0,0,0,0,0,1,3,4
60303,VILLA MONTES,infecc. de transmision sexual,gonorrea,2015-01-01,0,0,0,0,0,0,0,0,0,0,0,0,0,1,0,0,0,0,0,0,0,1,1
31003,VILLA TUNARI,infecc. de transmision sexual,gonorrea,2015-01-01,0,0,0,0,0,0,0,0,0,0,0,0,1,0,0,0,0,0,0,0,1,0,1
70201,WARNES,infecc. de transmision sexual,gonorrea,2015-01-01,0,0,0,0,0,0,0,0,0,0,0,0,1,0,0,0,0,0,0,0,1,0,1
60301,YACUIBA,infecc. de transmision sexual,gonorrea,2015-01-01,0,0,1,0,2,0,0,0,0,0,1,0,3,1,1,0,1,0,0,0,9,1,10
20104,ACHOCALLA,infecc. de transmision sexual,gonorrea,2015-02-01,0,0,0,0,0,0,0,0,0,0,0,1,0,5,0,2,0,0,0,0,0,8,8
20701,APOLO,infecc. de transmision sexual,gonorrea,2015-02-01,0,0,0,0,0,0,0,0,0,0,1,0,0,0,0,0,0,0,0,0,1,0,1
90104,BELLA FLOR,infecc. de transmision sexual,gonorrea,2015-02-01,0,0,0,0,0,0,0,0,0,0,0,1,0,0,0,0,0,0,0,0,0,1,1
60202,BERMEJO,infecc. de transmision sexual,gonorrea,2015-02-01,0,0,0,0,0,0,0,0,0,0,1,0,0,0,0,0,0,0,0,0,1,0,1
90103,BOLPEBRA,infecc. de transmision sexual,gonorrea,2015-02-01,0,0,0,0,0,0,0,0,0,0,0,0,0,0,0,0,0,0,1,0,1,0,1
21003,CAJUATA,infecc. de transmision sexual,gonorrea,2015-02-01,0,0,0,0,0,0,0,0,0,0,0,0,0,1,0,0,0,0,0,0,0,1,1
31204,CHIMORE,infecc. de transmision sexual,gonorrea,2015-02-01,0,0,0,0,0,0,0,0,0,0,1,0,0,0,0,0,0,0,0,0,1,0,1
30101,COCHABAMBA,infecc. de transmision sexual,gonorrea,2015-02-01,0,0,0,0,0,0,0,0,0,0,1,1,2,5,0,0,2,0,0,0,5,6,11
70102,COTOCA,infecc. de transmision sexual,gonorrea,2015-02-01,0,0,0,0,0,0,0,0,0,0,1,0,0,0,0,0,0,0,1,0,2,0,2
71106,CUATRO CAÑADAS,infecc. de transmision sexual,gonorrea,2015-02-01,0,0,0,0,0,0,0,0,0,0,0,1,0,0,0,0,0,0,0,0,0,1,1
20105,EL ALTO,infecc. de transmision sexual,gonorrea,2015-02-01,0,0,0,0,0,0,0,0,0,0,0,0,6,1,0,0,1,0,0,0,7,1,8
70105,EL TORNO,infecc. de transmision sexual,gonorrea,2015-02-01,0,0,0,0,0,0,0,0,0,0,0,1,1,0,0,0,0,0,0,0,1,1,2
71004,FERNANDEZ ALONSO,infecc. de transmision sexual,gonorrea,2015-02-01,0,0,0,0,0,0,0,0,0,0,0,4,0,0,0,1,0,0,0,0,0,5,5
20802,GUAQUI,infecc. de transmision sexual,gonorrea,2015-02-01,0,0,0,0,0,0,0,0,0,0,0,0,0,2,0,1,0,0,0,0,0,3,3
21005,ICHOCA,infecc. de transmision sexual,gonorrea,2015-02-01,0,0,0,0,0,0,0,0,0,0,0,0,1,0,0,0,0,0,0,0,1,0,1
21102,IRUPANA (VILLA DE LANZA),infecc. de transmision sexual,gonorrea,2015-02-01,0,0,0,0,0,0,0,0,0,0,1,0,0,0,0,0,0,0,0,0,1,0,1
70104,LA GUARDIA,infecc. de transmision sexual,gonorrea,2015-02-01,0,0,0,0,0,0,0,0,0,0,1,0,1,0,0,0,0,0,0,0,2,0,2
20101,LA PAZ,infecc. de transmision sexual,gonorrea,2015-02-01,0,0,0,0,0,0,0,0,0,0,1,0,1,1,0,0,0,0,0,0,2,1,3
21202,LAJA,infecc. de transmision sexual,gonorrea,2015-02-01,0,0,0,0,0,0,0,0,0,0,0,0,0,1,0,2,0,0,0,0,0,3,3
71001,MONTERO,infecc. de transmision sexual,gonorrea,2015-02-01,0,0,0,0,0,0,0,0,0,0,1,1,1,3,0,1,0,0,0,0,2,5,7
40101,ORURO,infecc. de transmision sexual,gonorrea,2015-02-01,0,0,0,0,0,0,0,0,0,0,0,0,1,0,1,0,0,0,0,0,2,0,2
10103,POROMA,infecc. de transmision sexual,gonorrea,2015-02-01,0,0,0,0,0,0,0,0,0,0,0,0,0,0,1,0,0,0,0,0,1,0,1
50101,POTOSI,infecc. de transmision sexual,gonorrea,2015-02-01,0,0,0,0,0,0,0,0,0,0,0,0,2,0,0,0,0,0,0,0,2,0,2
50402,RAVELO,infecc. de transmision sexual,gonorrea,2015-02-01,0,0,0,0,0,0,0,0,0,0,0,0,0,0,0,0,0,0,2,1,2,1,3
31001,SACABA,infecc. de transmision sexual,gonorrea,2015-02-01,0,0,0,0,0,0,0,0,0,0,6,0,2,0,0,0,0,0,0,0,8,0,8
80501,SAN IGNACIO,infecc. de transmision sexual,gonorrea,2015-02-01,0,0,0,0,0,0,0,0,0,0,1,0,1,0,0,0,0,0,0,0,2,0,2
71104,SAN JULIAN,infecc. de transmision sexual,gonorrea,2015-02-01,0,0,0,0,0,0,0,0,0,0,1,0,0,0,0,0,0,0,0,0,1,0,1
71005,SAN PEDRO,infecc. de transmision sexual,gonorrea,2015-02-01,0,0,0,0,0,0,0,0,0,0,0,0,1,0,0,0,0,0,0,0,1,0,1
70101,SANTA CRUZ DE LA SIERRA,infecc. de transmision sexual,gonorrea,2015-02-01,0,0,0,0,0,0,0,0,0,0,1,16,10,42,0,9,0,4,0,1,11,72,83
20902,SAPAHAQUI,infecc. de transmision sexual,gonorrea,2015-02-01,0,0,0,0,0,0,0,0,0,0,0,0,1,0,0,0,0,0,0,1,1,1,2
31602,SHINAOTA,infecc. de transmision sexual,gonorrea,2015-02-01,0,0,0,0,0,0,0,0,0,0,1,0,1,7,0,1,0,1,0,0,2,9,11
10101,SUCRE,infecc. de transmision sexual,gonorrea,2015-02-01,0,0,0,0,0,0,0,0,0,0,0,0,3,1,0,1,0,0,0,0,3,2,5
31101,TAPACARI,infecc. de transmision sexual,gonorrea,2015-02-01,0,0,0,0,0,0,0,0,0,0,1,0,0,0,0,0,0,0,0,0,1,0,1
60101,TARIJA,infecc. de transmision sexual,gonorrea,2015-02-01,0,0,0,0,0,0,0,0,0,0,0,0,0,1,0,0,0,0,0,0,0,1,1
80101,TRINIDAD,infecc. de transmision sexual,gonorrea,2015-02-01,0,0,0,0,0,0,0,0,0,0,3,0,3,3,0,0,0,1,0,0,6,4,10
50201,UNCIA,infecc. de transmision sexual,gonorrea,2015-02-01,0,0,0,0,0,0,0,0,0,0,1,0,0,0,0,0,0,0,0,0,1,0,1
31003,VILLA TUNARI,infecc. de transmision sexual,gonorrea,2015-02-01,0,0,0,0,0,0,0,0,0,0,1,1,1,0,1,0,0,0,0,0,3,1,4
60301,YACUIBA,infecc. de transmision sexual,gonorrea,2015-02-01,0,0,0,0,0,0,0,0,0,0,1,1,3,0,0,0,0,0,0,0,4,1,5
20201,ACHACACHI,infecc. de transmision sexual,gonorrea,2015-03-01,0,0,0,0,0,0,0,0,0,0,0,0,0,1,0,0,0,0,0,0,0,1,1
22002,ALTO BENI,infecc. de transmision sexual,gonorrea,2015-03-01,0,0,0,0,0,0,0,0,0,0,0,0,1,0,0,0,0,0,0,0,1,0,1
20701,APOLO,infecc. de transmision sexual,gonorrea,2015-03-01,0,0,0,0,0,0,0,0,0,0,0,0,1,0,0,0,0,0,0,0,1,0,1
90101,COBIJA,infecc. de transmision sexual,gonorrea,2015-03-01,0,0,0,0,0,0,0,0,0,0,1,0,0,0,0,0,0,0,0,0,1,0,1
30101,COCHABAMBA,infecc. de transmision sexual,gonorrea,2015-03-01,0,0,0,0,0,0,0,0,0,0,2,12,4,92,5,179,0,25,0,5,11,313,324
50601,COTAGAITA,infecc. de transmision sexual,gonorrea,2015-03-01,0,0,0,0,0,0,0,0,0,0,1,0,1,0,0,0,0,0,0,0,2,0,2
10902,CULPINA,infecc. de transmision sexual,gonorrea,2015-03-01,0,0,0,0,0,0,0,0,0,0,0,0,0,1,0,0,0,0,0,0,0,1,1
20105,EL ALTO,infecc. de transmision sexual,gonorrea,2015-03-01,0,0,0,0,0,0,0,0,0,0,0,0,4,1,2,0,2,0,0,1,8,2,10
70105,EL TORNO,infecc. de transmision sexual,gonorrea,2015-03-01,0,0,0,0,0,0,0,0,0,0,0,0,1,0,0,0,0,0,0,0,1,0,1
20405,ESCOMA,infecc. de transmision sexual,gonorrea,2015-03-01,0,0,0,0,0,0,0,0,0,0,0,0,0,0,0,0,2,0,0,0,2,0,2
80202,GUAYARAMERIN,infecc. de transmision sexual,gonorrea,2015-03-01,0,0,0,0,0,0,0,0,0,0,0,0,1,0,0,0,0,0,0,0,1,0,1
20101,LA PAZ,infecc. de transmision sexual,gonorrea,2015-03-01,0,0,0,0,0,0,0,0,0,1,0,0,4,1,5,0,0,0,0,2,9,4,13
10903,LAS CARRERAS,infecc. de transmision sexual,gonorrea,2015-03-01,0,0,0,0,0,0,0,0,0,0,0,0,0,0,0,0,0,0,0,1,0,1,1
80801,MAGDALENA,infecc. de transmision sexual,gonorrea,2015-03-01,0,0,0,0,0,0,0,0,0,0,1,1,0,0,0,0,0,0,0,0,1,1,2
71003,MINEROS,infecc. de transmision sexual,gonorrea,2015-03-01,0,0,0,0,1,0,0,0,0,0,0,0,0,0,0,0,0,0,0,0,1,0,1
71001,MONTERO,infecc. de transmision sexual,gonorrea,2015-03-01,0,0,0,0,0,0,0,0,0,0,0,0,0,1,0,2,0,0,0,0,0,3,3
30302,MOROCHATA,infecc. de transmision sexual,gonorrea,2015-03-01,0,0,0,0,0,0,0,0,0,0,0,0,1,0,0,0,0,0,0,0,1,0,1
40101,ORURO,infecc. de transmision sexual,gonorrea,2015-03-01,0,0,0,0,0,0,0,0,0,0,1,0,1,0,1,0,0,0,0,0,3,0,3
70502,PAILON,infecc. de transmision sexual,gonorrea,2015-03-01,0,0,0,0,0,0,0,0,0,0,0,0,0,0,0,0,1,0,0,0,1,0,1
50101,POTOSI,infecc. de transmision sexual,gonorrea,2015-03-01,0,0,0,0,0,0,0,0,0,0,0,0,1,1,0,0,2,0,0,0,3,1,4
90201,PUERTO RICO,infecc. de transmision sexual,gonorrea,2015-03-01,0,0,0,0,0,0,0,0,0,0,0,0,1,0,0,0,0,0,0,0,1,0,1
31401,PUNATA,infecc. de transmision sexual,gonorrea,2015-03-01,0,0,0,0,0,0,0,0,0,0,0,0,0,1,0,0,0,0,0,0,0,1,1
80201,RIBERALTA,infecc. de transmision sexual,gonorrea,2015-03-01,0,0,0,0,0,0,0,0,0,0,1,0,1,0,0,0,0,0,0,0,2,0,2
31001,SACABA,infecc. de transmision sexual,gonorrea,2015-03-01,0,0,0,0,0,0,0,0,0,0,1,0,0,1,0,0,0,0,0,0,1,1,2
70901,SAMAIPATA,infecc. de transmision sexual,gonorrea,2015-03-01,0,0,0,0,0,0,0,0,0,0,0,0,1,0,0,0,0,0,0,0,1,0,1
80501,SAN IGNACIO,infecc. de transmision sexual,gonorrea,2015-03-01,0,0,0,0,0,0,0,0,0,0,0,0,1,0,0,0,0,0,0,0,1,0,1
71104,SAN JULIAN,infecc. de transmision sexual,gonorrea,2015-03-01,0,0,0,0,0,0,0,0,0,0,0,0,0,0,0,0,0,0,1,0,1,0,1
70302,SAN MIGUEL DE VELASCO,infecc. de transmision sexual,gonorrea,2015-03-01,0,0,0,0,0,0,0,0,0,0,0,0,0,0,0,0,0,0,1,0,1,0,1
50501,SAN PEDRO DE BUENA VISTA,infecc. de transmision sexual,gonorrea,2015-03-01,0,0,0,0,0,0,0,0,0,0,0,0,1,0,0,0,0,0,0,0,1,0,1
70101,SANTA CRUZ DE LA SIERRA,infecc. de transmision sexual,gonorrea,2015-03-01,0,0,0,0,0,0,0,0,0,0,4,0,6,5,5,0,0,0,0,0,15,5,20
10101,SUCRE,infecc. de transmision sexual,gonorrea,2015-03-01,0,0,0,0,0,0,0,0,0,0,0,4,3,1,0,0,0,0,0,0,3,5,8
30602,TACOPAYA,infecc. de transmision sexual,gonorrea,2015-03-01,0,0,0,0,0,0,0,0,0,0,0,0,0,1,0,0,0,0,0,0,0,1,1
31101,TAPACARI,infecc. de transmision sexual,gonorrea,2015-03-01,0,0,0,0,0,0,0,0,0,0,0,0,0,1,0,0,0,0,0,0,0,1,1
60101,TARIJA,infecc. de transmision sexual,gonorrea,2015-03-01,0,0,0,0,0,0,0,0,0,0,1,0,0,1,1,0,0,0,0,0,2,1,3
30903,TIQUIPAYA,infecc. de transmision sexual,gonorrea,2015-03-01,0,0,0,0,0,0,0,0,0,0,0,0,0,2,0,0,0,0,0,0,0,2,2
80101,TRINIDAD,infecc. de transmision sexual,gonorrea,2015-03-01,0,0,0,0,0,0,0,0,0,0,4,0,5,0,2,0,0,0,0,0,11,0,11
20801,VIACHA,infecc. de transmision sexual,gonorrea,2015-03-01,0,0,0,0,0,0,0,0,0,0,0,0,0,2,0,0,0,0,0,0,0,2,2
60303,VILLA MONTES,infecc. de transmision sexual,gonorrea,2015-03-01,0,0,0,0,0,0,0,0,0,0,0,0,1,1,0,0,0,0,0,0,1,1,2
31003,VILLA TUNARI,infecc. de transmision sexual,gonorrea,2015-03-01,0,0,0,0,0,0,0,0,0,0,0,0,1,0,0,0,0,0,0,0,1,0,1
50602,VITICHI,infecc. de transmision sexual,gonorrea,2015-03-01,0,0,0,0,0,0,0,0,0,0,0,0,0,0,0,0,1,0,0,0,1,0,1
20903,YACO,infecc. de transmision sexual,gonorrea,2015-03-01,0,0,0,0,0,0,0,0,0,0,0,0,0,0,0,0,0,0,1,0,1,0,1
60301,YACUIBA,infecc. de transmision sexual,gonorrea,2015-03-01,0,0,0,0,0,0,0,0,0,0,0,0,4,1,2,0,2,0,0,0,8,1,9
20202,ANCORAIMES,infecc. de transmision sexual,gonorrea,2015-04-01,0,0,0,0,0,0,0,0,0,0,0,0,0,0,0,1,0,0,0,0,0,1,1
21003,CAJUATA,infecc. de transmision sexual,gonorrea,2015-04-01,0,0,0,0,0,0,0,0,0,0,0,0,1,0,0,0,0,0,0,0,1,0,1
70706,CAMIRI,infecc. de transmision sexual,gonorrea,2015-04-01,0,0,0,0,0,0,0,0,0,0,0,0,1,0,0,0,0,0,0,0,1,0,1
40102,CARACOLLO,infecc. de transmision sexual,gonorrea,2015-04-01,0,0,0,0,0,0,0,0,0,0,0,0,2,0,0,0,0,0,0,0,2,0,2
21101,CHULUMANI (V. DE LA LIBERTAD),infecc. de transmision sexual,gonorrea,2015-04-01,0,0,0,0,0,0,0,0,0,0,0,0,0,1,0,0,0,0,0,0,0,1,1
90101,COBIJA,infecc. de transmision sexual,gonorrea,2015-04-01,0,0,0,0,0,0,0,0,0,0,0,2,0,3,1,0,2,0,0,0,3,5,8
30101,COCHABAMBA,infecc. de transmision sexual,gonorrea,2015-04-01,0,0,0,0,0,0,0,0,0,0,2,0,6,0,0,0,0,1,0,0,8,1,9
71301,COMARAPA,infecc. de transmision sexual,gonorrea,2015-04-01,0,0,0,0,0,0,0,0,0,0,1,0,0,0,0,0,0,0,0,0,1,0,1
70102,COTOCA,infecc. de transmision sexual,gonorrea,2015-04-01,0,0,0,0,0,0,0,0,0,0,0,0,1,0,0,0,0,0,0,0,1,0,1
20105,EL ALTO,infecc. de transmision sexual,gonorrea,2015-04-01,0,0,0,0,0,0,0,0,0,0,1,2,2,4,3,0,1,1,0,0,7,7,14
10502,HUACARETA,infecc. de transmision sexual,gonorrea,2015-04-01,0,0,0,0,0,0,0,0,0,0,0,0,0,0,0,1,0,0,0,0,0,1,1
21102,IRUPANA (VILLA DE LANZA),infecc. de transmision sexual,gonorrea,2015-04-01,0,0,0,0,0,0,0,0,0,0,0,1,0,0,0,0,0,0,0,0,0,1,1
21105,LA ASUNTA,infecc. de transmision sexual,gonorrea,2015-04-01,0,0,0,0,0,0,0,0,0,0,1,0,0,0,0,0,0,0,0,0,1,0,1
20101,LA PAZ,infecc. de transmision sexual,gonorrea,2015-04-01,0,0,0,0,0,0,0,0,0,0,3,0,2,2,0,1,0,0,0,0,5,3,8
11003,MACHARETI,infecc. de transmision sexual,gonorrea,2015-04-01,0,0,0,0,0,0,0,0,0,0,0,0,0,1,0,0,0,0,0,0,0,1,1
80801,MAGDALENA,infecc. de transmision sexual,gonorrea,2015-04-01,0,0,0,0,0,0,0,0,0,0,0,1,1,0,0,0,0,0,0,0,1,1,2
71001,MONTERO,infecc. de transmision sexual,gonorrea,2015-04-01,0,0,0,0,0,0,0,0,0,0,0,0,0,4,1,0,0,0,0,0,1,4,5
90501,NUEVO MANOA (NUEVA ESPERANZA),infecc. de transmision sexual,gonorrea,2015-04-01,0,0,0,0,0,0,0,0,0,0,1,0,0,0,0,0,0,0,0,0,1,0,1
70202,OKINAWA,infecc. de transmision sexual,gonorrea,2015-04-01,0,0,0,0,0,0,0,0,0,0,0,1,0,0,0,0,0,0,0,0,0,1,1
40101,ORURO,infecc. de transmision sexual,gonorrea,2015-04-01,0,0,0,0,0,0,0,0,0,0,2,0,4,47,1,49,0,0,0,2,7,98,105
71401,PUERTO SUAREZ,infecc. de transmision sexual,gonorrea,2015-04-01,0,0,0,0,0,0,0,0,0,0,0,0,1,0,0,0,0,0,0,0,1,0,1
31401,PUNATA,infecc. de transmision sexual,gonorrea,2015-04-01,0,0,0,0,0,0,0,0,0,0,0,0,1,0,0,0,0,0,0,0,1,0,1
80201,RIBERALTA,infecc. de transmision sexual,gonorrea,2015-04-01,0,0,0,0,0,0,0,0,0,0,2,1,2,1,0,1,0,0,0,0,4,3,7
80304,RURRENABAQUE,infecc. de transmision sexual,gonorrea,2015-04-01,0,0,0,0,0,0,0,0,0,0,0,0,1,0,0,0,0,0,0,0,1,0,1
31001,SACABA,infecc. de transmision sexual,gonorrea,2015-04-01,0,0,0,0,0,0,0,0,0,0,1,2,2,1,0,0,0,0,0,0,3,3,6
50701,SACACA,infecc. de transmision sexual,gonorrea,2015-04-01,0,0,0,0,0,0,0,0,0,0,3,0,0,0,0,0,0,0,0,0,3,0,3
80302,SAN BORJA,infecc. de transmision sexual,gonorrea,2015-04-01,0,0,0,0,0,0,0,0,0,0,0,0,0,0,0,1,0,0,0,0,0,1,1
70101,SANTA CRUZ DE LA SIERRA,infecc. de transmision sexual,gonorrea,2015-04-01,0,0,0,0,0,0,0,0,0,0,3,5,3,5,2,0,0,0,0,0,8,10,18
30902,SIPE SIPE,infecc. de transmision sexual,gonorrea,2015-04-01,0,0,0,0,0,0,0,0,0,0,0,1,0,0,0,0,0,0,0,0,0,1,1
10101,SUCRE,infecc. de transmision sexual,gonorrea,2015-04-01,0,0,0,0,0,0,0,0,0,0,0,0,2,8,0,0,0,0,0,0,2,8,10
60101,TARIJA,infecc. de transmision sexual,gonorrea,2015-04-01,0,0,0,0,0,0,0,0,0,0,0,2,0,1,1,1,0,0,1,0,2,4,6
30803,TOLATA,infecc. de transmision sexual,gonorrea,2015-04-01,0,0,0,0,0,0,0,0,0,0,0,0,0,0,0,0,2,0,0,0,2,0,2
50502,TORO TORO,infecc. de transmision sexual,gonorrea,2015-04-01,0,0,0,0,0,0,0,0,0,0,0,0,2,0,0,0,0,0,0,0,2,0,2
80101,TRINIDAD,infecc. de transmision sexual,gonorrea,2015-04-01,0,0,0,0,0,0,0,0,0,0,4,0,6,1,4,0,2,0,0,0,16,1,17
60303,VILLA MONTES,infecc. de transmision sexual,gonorrea,2015-04-01,0,0,0,0,0,0,0,0,0,0,0,0,1,0,0,0,0,0,0,0,1,0,1
31003,VILLA TUNARI,infecc. de transmision sexual,gonorrea,2015-04-01,0,0,0,0,0,0,0,0,0,0,0,0,0,0,0,0,0,0,1,0,1,0,1
70201,WARNES,infecc. de transmision sexual,gonorrea,2015-04-01,0,0,0,0,0,0,0,0,0,0,0,2,0,0,1,0,0,0,0,0,1,2,3
60301,YACUIBA,infecc. de transmision sexual,gonorrea,2015-04-01,0,0,0,0,0,0,0,0,0,0,1,0,2,0,0,0,0,0,0,0,3,0,3
20201,ACHACACHI,infecc. de transmision sexual,gonorrea,2015-05-01,0,0,0,0,0,0,0,0,0,0,0,1,0,1,0,0,0,0,0,0,0,2,2
30402,ANZALDO,infecc. de transmision sexual,gonorrea,2015-05-01,0,0,0,0,0,0,0,0,0,0,0,0,0,1,0,0,0,0,0,0,0,1,1
20701,APOLO,infecc. de transmision sexual,gonorrea,2015-05-01,0,0,0,0,0,0,0,0,0,0,0,0,0,0,1,0,0,0,0,0,1,0,1
71501,ASCENCION DE GUARAYOS,infecc. de transmision sexual,gonorrea,2015-05-01,0,0,0,0,0,0,0,0,0,0,1,0,0,0,0,0,0,0,0,0,1,0,1
60202,BERMEJO,infecc. de transmision sexual,gonorrea,2015-05-01,0,0,0,0,0,0,0,0,0,0,2,0,0,1,0,0,0,0,0,0,2,1,3
70706,CAMIRI,infecc. de transmision sexual,gonorrea,2015-05-01,0,0,0,0,0,0,0,0,0,0,1,0,1,0,0,0,0,0,0,0,2,0,2
22001,CARANAVI,infecc. de transmision sexual,gonorrea,2015-05-01,0,0,0,0,0,0,0,0,0,0,1,0,1,1,0,0,0,0,0,0,2,1,3
60302,CARAPARI,infecc. de transmision sexual,gonorrea,2015-05-01,0,0,0,0,0,0,0,0,0,0,0,0,1,0,0,0,0,0,0,0,1,0,1
20501,CHUMA,infecc. de transmision sexual,gonorrea,2015-05-01,0,0,0,0,0,0,0,0,0,0,0,0,1,0,0,0,0,0,0,0,1,0,1
30101,COCHABAMBA,infecc. de transmision sexual,gonorrea,2015-05-01,0,0,0,0,0,0,0,0,0,0,1,0,5,1,0,0,0,0,0,0,6,1,7
21004,COLQUIRI,infecc. de transmision sexual,gonorrea,2015-05-01,0,0,0,0,0,0,0,0,0,0,0,0,0,0,0,0,0,0,0,1,0,1,1
71101,CONCEPCION,infecc. de transmision sexual,gonorrea,2015-05-01,0,0,0,0,0,0,0,0,0,0,0,0,1,0,0,0,0,0,0,0,1,0,1
21701,COPACABANA,infecc. de transmision sexual,gonorrea,2015-05-01,0,0,0,0,0,0,0,0,0,0,0,0,1,0,0,0,0,0,0,0,1,0,1
70102,COTOCA,infecc. de transmision sexual,gonorrea,2015-05-01,0,0,0,0,0,0,0,0,1,0,0,0,0,0,0,0,0,0,0,0,1,0,1
20105,EL ALTO,infecc. de transmision sexual,gonorrea,2015-05-01,0,0,0,0,0,0,0,0,0,0,0,0,6,1,1,0,0,0,0,0,7,1,8
10405,EL VILLAR,infecc. de transmision sexual,gonorrea,2015-05-01,0,0,0,0,0,0,0,0,0,0,0,3,0,10,0,6,0,8,0,2,0,29,29
20806,JESUS DE MACHACA,infecc. de transmision sexual,gonorrea,2015-05-01,0,0,0,0,0,0,0,0,0,0,0,0,1,0,0,0,0,0,0,0,1,0,1
20101,LA PAZ,infecc. de transmision sexual,gonorrea,2015-05-01,0,0,0,0,0,0,0,0,0,0,1,0,5,0,0,1,0,0,0,0,6,1,7
21006,LICOMA PAMPA,infecc. de transmision sexual,gonorrea,2015-05-01,0,0,0,0,0,0,0,0,0,0,1,0,0,0,0,0,0,0,0,0,1,0,1
80801,MAGDALENA,infecc. de transmision sexual,gonorrea,2015-05-01,0,0,0,0,0,0,0,0,0,0,0,0,0,0,0,0,0,0,1,0,1,0,1
40101,ORURO,infecc. de transmision sexual,gonorrea,2015-05-01,0,0,0,0,0,0,0,0,0,0,0,0,0,0,1,0,0,0,0,0,1,0,1
70902,PAMPA GRANDE,infecc. de transmision sexual,gonorrea,2015-05-01,0,0,0,0,0,0,0,0,0,0,0,0,0,0,0,0,0,0,1,1,1,1,2
50101,POTOSI,infecc. de transmision sexual,gonorrea,2015-05-01,0,0,0,0,0,0,0,0,0,0,0,0,2,1,0,0,0,0,0,0,2,1,3
71402,PUERTO QUIJARRO,infecc. de transmision sexual,gonorrea,2015-05-01,0,0,0,0,1,0,0,0,0,0,0,0,0,0,0,0,0,0,0,0,1,0,1
31401,PUNATA,infecc. de transmision sexual,gonorrea,2015-05-01,0,0,0,0,0,0,0,0,0,0,0,0,0,0,0,0,0,0,0,1,0,1,1
50402,RAVELO,infecc. de transmision sexual,gonorrea,2015-05-01,0,0,0,0,0,0,0,0,0,0,0,1,0,1,0,0,0,0,0,0,0,2,2
70503,ROBORE,infecc. de transmision sexual,gonorrea,2015-05-01,0,0,0,0,0,0,0,0,0,0,1,0,0,0,0,0,1,0,0,0,2,0,2
31001,SACABA,infecc. de transmision sexual,gonorrea,2015-05-01,0,0,0,0,0,0,0,0,0,0,2,0,1,1,0,0,0,0,0,0,3,1,4
50701,SACACA,infecc. de transmision sexual,gonorrea,2015-05-01,0,0,0,0,0,0,0,0,0,0,1,0,0,0,0,0,1,0,0,0,2,0,2
80302,SAN BORJA,infecc. de transmision sexual,gonorrea,2015-05-01,0,0,0,0,0,0,0,0,0,0,0,0,1,0,0,0,0,0,0,0,1,0,1
80501,SAN IGNACIO,infecc. de transmision sexual,gonorrea,2015-05-01,0,0,0,0,0,0,0,0,0,0,0,0,1,0,1,0,0,0,0,0,2,0,2
70301,SAN IGNACIO DE VELASCO,infecc. de transmision sexual,gonorrea,2015-05-01,0,0,0,0,0,0,0,0,0,0,0,0,0,0,0,0,0,0,1,0,1,0,1
71104,SAN JULIAN,infecc. de transmision sexual,gonorrea,2015-05-01,0,0,0,0,0,0,0,0,0,0,0,0,1,0,0,0,0,0,0,0,1,0,1
60501,SAN LORENZO(TJA),infecc. de transmision sexual,gonorrea,2015-05-01,0,0,0,0,0,0,0,0,0,0,0,0,1,0,0,0,0,0,0,0,1,0,1
80401,SANTA ANA,infecc. de transmision sexual,gonorrea,2015-05-01,0,0,0,0,0,0,0,0,0,0,0,0,0,0,1,0,0,0,0,0,1,0,1
70101,SANTA CRUZ DE LA SIERRA,infecc. de transmision sexual,gonorrea,2015-05-01,0,0,0,0,0,0,0,0,0,0,1,1,4,5,0,1,0,0,0,0,5,7,12
30902,SIPE SIPE,infecc. de transmision sexual,gonorrea,2015-05-01,0,0,0,0,0,0,0,0,0,0,0,1,0,0,0,0,0,0,0,0,0,1,1
10101,SUCRE,infecc. de transmision sexual,gonorrea,2015-05-01,0,0,0,0,0,0,0,0,0,0,0,1,2,7,5,2,1,0,0,0,8,10,18
30602,TACOPAYA,infecc. de transmision sexual,gonorrea,2015-05-01,0,0,0,0,0,0,0,0,0,0,0,0,0,3,0,1,0,1,0,0,0,5,5
60101,TARIJA,infecc. de transmision sexual,gonorrea,2015-05-01,0,0,0,0,0,0,0,0,0,0,0,1,2,0,0,1,0,0,0,0,2,2,4
30903,TIQUIPAYA,infecc. de transmision sexual,gonorrea,2015-05-01,0,0,0,0,0,0,0,0,0,1,0,2,1,7,0,0,0,0,0,0,1,10,11
80101,TRINIDAD,infecc. de transmision sexual,gonorrea,2015-05-01,0,0,0,0,0,0,0,0,0,0,2,1,4,4,3,0,0,0,0,0,9,5,14
50201,UNCIA,infecc. de transmision sexual,gonorrea,2015-05-01,0,0,0,0,0,0,0,0,0,0,0,0,0,0,0,0,1,0,0,0,1,0,1
31003,VILLA TUNARI,infecc. de transmision sexual,gonorrea,2015-05-01,0,0,0,0,0,0,0,0,0,0,0,0,1,0,0,0,0,0,0,0,1,0,1
20903,YACO,infecc. de transmision sexual,gonorrea,2015-05-01,0,0,0,0,0,0,0,0,0,0,0,0,0,0,0,0,0,0,1,0,1,0,1
60301,YACUIBA,infecc. de transmision sexual,gonorrea,2015-05-01,0,0,0,0,0,0,0,0,0,0,1,0,1,0,0,0,0,0,0,0,2,0,2
30501,ARANI,infecc. de transmision sexual,gonorrea,2015-06-01,0,0,0,0,0,0,0,0,0,0,0,0,1,0,0,0,0,0,0,0,1,0,1
21203,BATALLAS,infecc. de transmision sexual,gonorrea,2015-06-01,0,0,0,0,0,0,0,0,0,0,0,0,0,0,1,0,0,0,0,0,1,0,1
80802,BAURES,infecc. de transmision sexual,gonorrea,2015-06-01,0,0,0,0,0,0,0,0,0,0,1,0,1,0,1,1,0,0,0,0,3,1,4
60202,BERMEJO,infecc. de transmision sexual,gonorrea,2015-06-01,0,0,0,0,0,0,0,0,0,0,1,0,2,0,0,0,0,0,0,0,3,0,3
31501,BOLIVAR,infecc. de transmision sexual,gonorrea,2015-06-01,0,0,0,0,0,0,0,0,0,0,0,0,0,0,1,0,0,0,0,0,1,0,1
20905,CAIROMA,infecc. de transmision sexual,gonorrea,2015-06-01,0,0,0,0,0,0,0,0,0,0,0,0,1,0,0,0,0,0,0,0,1,0,1
51102,"CAIZA ""D""",infecc. de transmision sexual,gonorrea,2015-06-01,0,0,0,0,0,0,0,0,0,0,1,0,0,0,0,0,0,0,0,0,1,0,1
21304,CALAMARCA,infecc. de transmision sexual,gonorrea,2015-06-01,0,0,0,0,0,0,0,0,0,0,0,0,0,1,0,0,0,0,0,0,0,1,1
20501,CHUMA,infecc. de transmision sexual,gonorrea,2015-06-01,0,0,0,0,0,0,0,0,0,0,0,0,1,0,0,0,0,0,0,0,1,0,1
30101,COCHABAMBA,infecc. de transmision sexual,gonorrea,2015-06-01,0,0,0,0,0,0,0,0,0,0,1,0,4,2,0,0,0,0,0,0,5,2,7
50601,COTAGAITA,infecc. de transmision sexual,gonorrea,2015-06-01,0,0,0,0,0,0,0,0,0,0,0,0,0,0,0,0,1,1,0,0,1,1,2
20105,EL ALTO,infecc. de transmision sexual,gonorrea,2015-06-01,0,0,0,0,0,0,0,0,0,0,0,0,2,2,0,0,0,0,1,0,3,2,5
70105,EL TORNO,infecc. de transmision sexual,gonorrea,2015-06-01,0,0,0,0,0,0,0,0,0,0,1,0,0,0,0,0,0,0,0,0,1,0,1
90503,EUREKA (SANTOS MERCADO),infecc. de transmision sexual,gonorrea,2015-06-01,0,0,0,0,0,0,0,0,0,0,1,0,0,0,0,0,0,0,0,0,1,0,1
21601,GRAL. J.J. PEREZ (CHARAZANI),infecc. de transmision sexual,gonorrea,2015-06-01,0,0,0,0,0,0,0,0,0,0,0,0,1,0,0,0,0,0,0,0,1,0,1
80202,GUAYARAMERIN,infecc. de transmision sexual,gonorrea,2015-06-01,0,0,0,0,0,0,0,0,0,0,0,0,1,0,0,0,0,0,0,0,1,0,1
21005,ICHOCA,infecc. de transmision sexual,gonorrea,2015-06-01,0,0,0,0,0,0,0,0,0,0,0,0,0,0,0,0,0,0,0,1,0,1,1
21001,INQUISIVI,infecc. de transmision sexual,gonorrea,2015-06-01,0,0,0,0,0,0,0,0,0,0,0,0,0,0,1,0,0,0,0,0,1,0,1
21105,LA ASUNTA,infecc. de transmision sexual,gonorrea,2015-06-01,0,0,0,0,0,0,0,0,0,0,0,0,1,0,0,0,0,0,0,0,1,0,1
70104,LA GUARDIA,infecc. de transmision sexual,gonorrea,2015-06-01,0,0,0,1,0,0,0,0,0,0,0,0,0,0,0,0,0,0,0,0,0,1,1
20101,LA PAZ,infecc. de transmision sexual,gonorrea,2015-06-01,0,0,0,0,0,0,0,0,0,0,1,1,3,8,2,2,0,0,0,0,6,11,17
50203,LLALLAGUA,infecc. de transmision sexual,gonorrea,2015-06-01,0,0,0,0,0,0,0,0,0,0,0,0,1,0,0,0,0,0,0,0,1,0,1
80601,LORETO,infecc. de transmision sexual,gonorrea,2015-06-01,0,0,0,0,0,0,0,0,0,0,0,0,0,0,1,0,0,0,0,0,1,0,1
20901,LURIBAY,infecc. de transmision sexual,gonorrea,2015-06-01,0,0,0,0,0,0,0,0,0,0,0,0,0,1,0,0,0,0,0,0,0,1,1
31301,MIZQUE,infecc. de transmision sexual,gonorrea,2015-06-01,0,0,0,0,0,0,0,0,0,0,0,0,0,0,1,0,0,0,0,2,1,2,3
71001,MONTERO,infecc. de transmision sexual,gonorrea,2015-06-01,0,0,0,0,0,0,0,0,0,0,0,1,1,1,0,0,0,0,0,0,1,2,3
40101,ORURO,infecc. de transmision sexual,gonorrea,2015-06-01,0,0,0,0,0,0,0,0,0,0,0,0,1,0,0,0,0,0,0,0,1,0,1
10103,POROMA,infecc. de transmision sexual,gonorrea,2015-06-01,0,0,0,0,0,0,0,0,0,0,0,0,0,0,0,0,0,0,1,0,1,0,1
70103,PORONGO,infecc. de transmision sexual,gonorrea,2015-06-01,0,0,0,0,0,0,0,0,0,0,0,0,0,1,0,0,0,0,0,0,0,1,1
50101,POTOSI,infecc. de transmision sexual,gonorrea,2015-06-01,0,0,0,0,0,0,0,0,0,0,0,0,1,0,0,0,0,0,0,0,1,0,1
10302,PRESTO,infecc. de transmision sexual,gonorrea,2015-06-01,0,0,0,0,0,0,0,0,0,0,0,0,0,0,0,0,0,0,1,0,1,0,1
31205,PUERTO VILLARROEL,infecc. de transmision sexual,gonorrea,2015-06-01,0,0,0,0,0,0,0,0,0,0,1,0,0,1,0,0,0,0,0,0,1,1,2
31401,PUNATA,infecc. de transmision sexual,gonorrea,2015-06-01,0,0,0,0,0,0,0,0,0,0,1,0,0,1,0,0,0,0,0,0,1,1,2
21002,QUIME,infecc. de transmision sexual,gonorrea,2015-06-01,0,0,0,0,0,0,0,0,0,0,0,1,0,0,0,0,0,0,0,0,0,1,1
80301,REYES,infecc. de transmision sexual,gonorrea,2015-06-01,0,0,0,0,0,0,0,0,0,0,0,0,0,0,0,0,1,0,0,0,1,0,1
70503,ROBORE,infecc. de transmision sexual,gonorrea,2015-06-01,0,0,0,0,0,0,0,0,0,0,0,0,0,0,0,0,1,0,0,0,1,0,1
80304,RURRENABAQUE,infecc. de transmision sexual,gonorrea,2015-06-01,0,0,0,0,0,0,0,0,0,0,0,0,1,0,0,0,0,0,0,0,1,0,1
31001,SACABA,infecc. de transmision sexual,gonorrea,2015-06-01,0,0,0,0,0,0,0,0,0,0,2,1,2,0,0,0,0,0,0,0,4,1,5
50701,SACACA,infecc. de transmision sexual,gonorrea,2015-06-01,0,0,0,0,0,0,0,0,0,0,2,0,0,0,0,0,0,0,0,0,2,0,2
80302,SAN BORJA,infecc. de transmision sexual,gonorrea,2015-06-01,0,0,0,0,0,0,0,0,0,0,1,0,0,0,0,0,0,0,0,0,1,0,1
70301,SAN IGNACIO DE VELASCO,infecc. de transmision sexual,gonorrea,2015-06-01,0,0,0,0,0,0,0,0,0,1,1,0,0,0,0,0,0,0,0,0,1,1,2
60501,SAN LORENZO(TJA),infecc. de transmision sexual,gonorrea,2015-06-01,0,0,0,0,0,0,0,0,0,0,1,0,1,1,1,0,0,0,0,0,3,1,4
10702,SAN LUCAS,infecc. de transmision sexual,gonorrea,2015-06-01,0,0,0,0,0,0,0,0,0,1,0,1,0,0,0,0,0,0,0,0,0,2,2
51001,SAN PABLO DE LIPEZ,infecc. de transmision sexual,gonorrea,2015-06-01,0,0,0,0,0,0,0,0,0,0,0,0,0,1,0,0,0,0,0,0,0,1,1
71005,SAN PEDRO,infecc. de transmision sexual,gonorrea,2015-06-01,0,0,0,0,0,0,0,0,0,0,0,0,1,0,0,0,0,0,0,0,1,0,1
80401,SANTA ANA,infecc. de transmision sexual,gonorrea,2015-06-01,0,0,0,0,0,0,0,0,0,0,0,0,1,0,0,0,0,0,0,0,1,0,1
70101,SANTA CRUZ DE LA SIERRA,infecc. de transmision sexual,gonorrea,2015-06-01,0,0,0,0,0,0,0,0,0,0,2,0,7,7,0,0,0,1,1,1,10,9,19
31602,SHINAOTA,infecc. de transmision sexual,gonorrea,2015-06-01,0,0,0,0,0,0,0,0,0,0,0,0,1,0,0,0,0,0,0,0,1,0,1
30902,SIPE SIPE,infecc. de transmision sexual,gonorrea,2015-06-01,0,0,0,0,0,0,0,0,0,0,0,0,0,1,0,0,0,0,0,0,0,1,1
20601,SORATA,infecc. de transmision sexual,gonorrea,2015-06-01,0,0,0,0,0,0,0,0,0,0,1,0,0,0,0,0,0,0,0,0,1,0,1
10101,SUCRE,infecc. de transmision sexual,gonorrea,2015-06-01,0,0,0,0,0,0,0,0,0,0,1,0,5,5,0,0,0,0,0,0,6,5,11
31101,TAPACARI,infecc. de transmision sexual,gonorrea,2015-06-01,0,0,0,0,0,0,0,0,0,0,0,1,0,0,0,0,0,0,0,0,0,1,1
60101,TARIJA,infecc. de transmision sexual,gonorrea,2015-06-01,0,0,0,0,0,0,0,0,0,0,0,0,0,1,0,0,0,0,0,0,0,1,1
30903,TIQUIPAYA,infecc. de transmision sexual,gonorrea,2015-06-01,0,0,0,0,0,0,0,0,0,0,0,0,0,1,0,0,0,0,0,0,0,1,1
50502,TORO TORO,infecc. de transmision sexual,gonorrea,2015-06-01,0,0,0,0,0,0,0,0,0,0,0,0,0,1,0,0,0,0,0,0,0,1,1
80101,TRINIDAD,infecc. de transmision sexual,gonorrea,2015-06-01,0,0,0,0,0,0,0,0,0,0,0,0,2,0,2,0,0,0,0,0,4,0,4
50201,UNCIA,infecc. de transmision sexual,gonorrea,2015-06-01,0,0,0,0,0,0,0,0,0,0,0,1,0,0,0,0,0,0,0,0,0,1,1
60401,URIONDO (A. CONCEPCION),infecc. de transmision sexual,gonorrea,2015-06-01,0,0,0,0,0,0,0,0,0,1,0,0,0,0,0,0,0,0,0,0,0,1,1
31003,VILLA TUNARI,infecc. de transmision sexual,gonorrea,2015-06-01,0,0,0,0,0,0,0,0,0,0,0,0,1,1,0,0,0,0,0,0,1,1,2
70201,WARNES,infecc. de transmision sexual,gonorrea,2015-06-01,0,0,0,0,0,0,0,0,0,0,1,0,0,0,0,0,0,0,0,0,1,0,1
60301,YACUIBA,infecc. de transmision sexual,gonorrea,2015-06-01,0,0,0,0,0,0,0,0,0,0,3,0,6,0,0,1,0,0,0,0,9,1,10
20701,APOLO,infecc. de transmision sexual,gonorrea,2015-07-01,0,0,0,0,0,0,0,0,0,0,0,0,0,1,0,0,0,0,0,0,0,1,1
30403,ARBIETO,infecc. de transmision sexual,gonorrea,2015-07-01,0,0,0,0,0,0,0,0,0,0,0,0,0,0,0,1,0,0,0,0,0,1,1
70706,CAMIRI,infecc. de transmision sexual,gonorrea,2015-07-01,0,0,0,0,0,0,0,0,0,0,0,0,1,0,0,0,0,0,0,0,1,0,1
40201,CHALLAPATA,infecc. de transmision sexual,gonorrea,2015-07-01,0,0,0,0,0,0,0,0,0,0,0,0,1,1,0,0,0,0,0,0,1,1,2
30101,COCHABAMBA,infecc. de transmision sexual,gonorrea,2015-07-01,0,0,0,0,0,0,0,0,0,0,1,1,6,1,0,1,0,0,1,0,8,3,11
50601,COTAGAITA,infecc. de transmision sexual,gonorrea,2015-07-01,0,0,0,0,0,0,0,0,0,0,0,0,0,2,0,0,0,0,0,0,0,2,2
20105,EL ALTO,infecc. de transmision sexual,gonorrea,2015-07-01,0,0,0,0,0,0,0,0,0,0,2,1,1,3,0,0,0,2,1,0,4,6,10
80803,HUARACAJE,infecc. de transmision sexual,gonorrea,2015-07-01,0,0,0,0,0,0,0,0,0,0,0,0,1,0,0,0,0,0,0,0,1,0,1
21105,LA ASUNTA,infecc. de transmision sexual,gonorrea,2015-07-01,0,0,0,0,0,0,0,0,0,0,0,0,1,0,0,0,0,0,0,0,1,0,1
70104,LA GUARDIA,infecc. de transmision sexual,gonorrea,2015-07-01,0,0,0,0,0,0,0,0,0,0,0,1,0,0,0,0,1,0,0,0,1,1,2
20101,LA PAZ,infecc. de transmision sexual,gonorrea,2015-07-01,0,0,0,0,0,0,0,0,0,0,1,0,1,8,0,0,0,0,0,0,2,8,10
21006,LICOMA PAMPA,infecc. de transmision sexual,gonorrea,2015-07-01,0,0,0,0,0,0,0,0,0,0,1,0,0,0,0,0,0,0,0,0,1,0,1
50203,LLALLAGUA,infecc. de transmision sexual,gonorrea,2015-07-01,0,0,0,0,0,0,0,0,0,0,0,0,1,0,0,0,0,0,0,0,1,0,1
80801,MAGDALENA,infecc. de transmision sexual,gonorrea,2015-07-01,0,0,0,0,0,0,0,0,0,0,0,0,1,0,0,0,0,0,0,0,1,0,1
71003,MINEROS,infecc. de transmision sexual,gonorrea,2015-07-01,0,0,0,0,0,0,0,0,0,0,1,0,0,0,0,0,0,0,0,0,1,0,1
71001,MONTERO,infecc. de transmision sexual,gonorrea,2015-07-01,0,0,0,0,0,0,0,0,0,0,0,0,3,1,0,0,0,0,0,0,3,1,4
40101,ORURO,infecc. de transmision sexual,gonorrea,2015-07-01,0,0,0,0,0,0,0,0,0,0,2,0,5,0,0,0,0,0,0,0,7,0,7
20702,PELECHUCO,infecc. de transmision sexual,gonorrea,2015-07-01,0,0,0,0,0,0,0,0,0,0,0,0,0,1,0,0,0,0,0,0,0,1,1
31401,PUNATA,infecc. de transmision sexual,gonorrea,2015-07-01,0,0,0,0,0,0,0,0,0,0,0,0,1,1,0,0,0,0,0,0,1,1,2
80201,RIBERALTA,infecc. de transmision sexual,gonorrea,2015-07-01,0,0,0,0,0,0,0,0,0,0,0,1,0,7,0,2,0,1,0,0,0,11,11
31001,SACABA,infecc. de transmision sexual,gonorrea,2015-07-01,0,0,0,0,0,0,0,0,0,0,2,1,6,3,0,0,0,0,0,0,8,4,12
80302,SAN BORJA,infecc. de transmision sexual,gonorrea,2015-07-01,0,0,0,0,0,0,0,0,0,0,0,0,0,0,0,0,0,1,0,0,0,1,1
80501,SAN IGNACIO,infecc. de transmision sexual,gonorrea,2015-07-01,0,0,0,0,0,0,0,0,0,0,1,0,0,0,0,0,0,0,0,0,1,0,1
71104,SAN JULIAN,infecc. de transmision sexual,gonorrea,2015-07-01,0,0,0,0,0,0,0,0,0,0,0,0,1,0,0,0,0,0,0,0,1,0,1
71005,SAN PEDRO,infecc. de transmision sexual,gonorrea,2015-07-01,0,0,0,0,0,0,0,0,0,0,0,0,0,0,0,0,0,0,0,1,0,1,1
70101,SANTA CRUZ DE LA SIERRA,infecc. de transmision sexual,gonorrea,2015-07-01,0,0,0,0,0,0,0,0,0,0,0,1,1,14,0,2,0,1,0,0,1,18,19
31602,SHINAOTA,infecc. de transmision sexual,gonorrea,2015-07-01,0,0,0,0,0,0,0,0,0,0,0,0,1,0,0,0,0,0,0,0,1,0,1
30902,SIPE SIPE,infecc. de transmision sexual,gonorrea,2015-07-01,0,0,0,0,0,0,0,0,0,0,0,1,0,0,0,0,0,0,0,0,0,1,1
10101,SUCRE,infecc. de transmision sexual,gonorrea,2015-07-01,0,0,0,0,0,0,0,0,0,0,2,1,6,4,0,0,0,0,0,0,8,5,13
60101,TARIJA,infecc. de transmision sexual,gonorrea,2015-07-01,0,0,0,0,0,0,0,0,0,0,0,0,0,1,1,0,0,0,0,0,1,1,2
10202,TARVITA,infecc. de transmision sexual,gonorrea,2015-07-01,0,0,0,0,0,0,0,0,0,0,0,0,0,0,0,1,0,0,0,0,0,1,1
31601,TIRAQUE (CBBA),infecc. de transmision sexual,gonorrea,2015-07-01,0,0,0,0,0,0,0,0,0,0,1,0,0,0,0,0,0,0,0,0,1,0,1
50502,TORO TORO,infecc. de transmision sexual,gonorrea,2015-07-01,0,0,0,0,0,0,0,0,0,0,0,0,1,0,0,0,0,0,0,0,1,0,1
41301,TOTORA(ORR),infecc. de transmision sexual,gonorrea,2015-07-01,0,0,0,0,0,0,0,0,0,0,0,0,1,0,0,0,0,0,0,0,1,0,1
80101,TRINIDAD,infecc. de transmision sexual,gonorrea,2015-07-01,0,0,0,0,0,0,0,0,0,1,0,1,4,5,0,0,0,0,0,0,4,7,11
40402,TURCO,infecc. de transmision sexual,gonorrea,2015-07-01,0,0,0,0,0,0,0,0,0,0,0,0,2,0,0,0,0,0,0,0,2,0,2
50201,UNCIA,infecc. de transmision sexual,gonorrea,2015-07-01,0,0,0,0,0,0,0,0,0,0,1,1,0,0,0,0,0,0,0,0,1,1,2
60303,VILLA MONTES,infecc. de transmision sexual,gonorrea,2015-07-01,0,0,0,0,0,0,0,0,0,0,0,0,1,0,0,0,0,0,0,0,1,0,1
70201,WARNES,infecc. de transmision sexual,gonorrea,2015-07-01,0,0,0,0,0,0,0,0,0,0,0,1,0,1,0,0,0,0,0,0,0,2,2
60301,YACUIBA,infecc. de transmision sexual,gonorrea,2015-07-01,0,0,0,0,0,0,0,0,0,0,1,0,1,0,0,0,1,0,0,0,3,0,3
22002,ALTO BENI,infecc. de transmision sexual,gonorrea,2015-08-01,0,0,0,0,0,0,0,0,0,0,0,0,0,1,0,1,0,0,0,0,0,2,2
20701,APOLO,infecc. de transmision sexual,gonorrea,2015-08-01,0,0,0,0,0,0,0,0,0,0,0,0,0,1,0,0,0,0,0,0,0,1,1
30601,ARQUE,infecc. de transmision sexual,gonorrea,2015-08-01,0,0,0,0,0,0,0,0,0,0,0,0,0,0,0,0,1,0,0,0,1,0,1
80802,BAURES,infecc. de transmision sexual,gonorrea,2015-08-01,0,0,0,0,0,0,0,0,0,0,0,0,1,0,0,0,0,0,0,0,1,0,1
60202,BERMEJO,infecc. de transmision sexual,gonorrea,2015-08-01,0,0,0,0,0,0,0,0,0,0,0,0,1,1,0,0,0,0,0,0,1,1,2
21003,CAJUATA,infecc. de transmision sexual,gonorrea,2015-08-01,0,0,0,0,0,0,0,0,0,0,0,0,1,0,0,0,0,0,0,0,1,0,1
70706,CAMIRI,infecc. de transmision sexual,gonorrea,2015-08-01,0,0,0,0,0,0,0,0,0,0,1,0,2,0,0,0,0,0,0,0,3,0,3
20501,CHUMA,infecc. de transmision sexual,gonorrea,2015-08-01,0,0,0,0,0,0,0,0,0,0,0,0,1,0,0,0,0,0,0,0,1,0,1
51103,CKOCHAS,infecc. de transmision sexual,gonorrea,2015-08-01,0,0,0,0,0,0,0,0,0,0,0,1,0,0,0,0,0,0,0,0,0,1,1
90101,COBIJA,infecc. de transmision sexual,gonorrea,2015-08-01,0,0,0,0,0,0,0,0,0,0,0,0,1,0,0,0,0,0,0,0,1,0,1
30101,COCHABAMBA,infecc. de transmision sexual,gonorrea,2015-08-01,0,0,0,0,0,0,0,0,0,0,1,0,9,1,0,0,1,0,1,0,12,1,13
21402,CORIPATA,infecc. de transmision sexual,gonorrea,2015-08-01,0,0,0,0,0,0,0,0,0,0,0,0,1,0,0,0,0,0,0,0,1,0,1
21401,COROICO,infecc. de transmision sexual,gonorrea,2015-08-01,0,0,0,0,0,0,0,0,0,0,0,0,0,0,0,0,1,0,0,0,1,0,1
70102,COTOCA,infecc. de transmision sexual,gonorrea,2015-08-01,0,0,0,0,0,0,0,0,0,0,1,0,0,0,0,0,0,0,0,0,1,0,1
20105,EL ALTO,infecc. de transmision sexual,gonorrea,2015-08-01,0,0,0,0,0,0,0,0,0,0,1,0,3,6,2,0,1,0,1,0,8,6,14
70105,EL TORNO,infecc. de transmision sexual,gonorrea,2015-08-01,0,0,0,0,0,0,0,0,0,0,1,0,2,0,1,0,0,0,0,0,4,0,4
21601,GRAL. J.J. PEREZ (CHARAZANI),infecc. de transmision sexual,gonorrea,2015-08-01,0,0,0,0,0,0,0,0,0,0,0,0,1,0,0,0,0,0,0,0,1,0,1
40701,HUANUNI,infecc. de transmision sexual,gonorrea,2015-08-01,0,0,0,0,0,0,0,0,0,0,0,0,0,2,0,1,0,0,0,0,0,3,3
21102,IRUPANA (VILLA DE LANZA),infecc. de transmision sexual,gonorrea,2015-08-01,0,0,0,0,0,0,0,0,0,0,0,0,0,0,0,0,1,0,0,0,1,0,1
21105,LA ASUNTA,infecc. de transmision sexual,gonorrea,2015-08-01,0,0,35,0,0,0,0,0,0,0,0,0,0,0,0,0,2,1,0,0,37,1,38
70104,LA GUARDIA,infecc. de transmision sexual,gonorrea,2015-08-01,0,0,0,0,0,0,0,0,1,0,0,0,0,0,0,0,0,0,0,0,1,0,1
20101,LA PAZ,infecc. de transmision sexual,gonorrea,2015-08-01,0,0,0,0,0,0,0,0,0,0,0,1,4,1,2,0,0,0,0,0,6,2,8
21202,LAJA,infecc. de transmision sexual,gonorrea,2015-08-01,0,0,0,0,0,0,0,0,0,0,0,0,0,1,0,0,0,0,0,0,0,1,1
50203,LLALLAGUA,infecc. de transmision sexual,gonorrea,2015-08-01,0,0,0,0,0,0,0,0,0,0,0,1,0,5,0,2,0,0,0,0,0,8,8
11003,MACHARETI,infecc. de transmision sexual,gonorrea,2015-08-01,0,0,0,0,0,0,0,0,0,0,0,0,0,0,0,0,0,0,1,0,1,0,1
20607,MAPIRI,infecc. de transmision sexual,gonorrea,2015-08-01,0,0,0,0,0,0,0,0,0,0,0,1,0,2,0,0,0,0,0,0,0,3,3
10501,MONTEAGUDO,infecc. de transmision sexual,gonorrea,2015-08-01,0,0,0,0,0,0,0,0,0,0,0,0,1,0,1,0,0,0,0,0,2,0,2
71001,MONTERO,infecc. de transmision sexual,gonorrea,2015-08-01,0,0,0,0,0,0,0,0,0,0,3,0,0,1,0,0,0,0,0,0,3,1,4
30203,OMEREQUE,infecc. de transmision sexual,gonorrea,2015-08-01,0,0,0,0,0,0,0,0,0,0,0,0,1,0,0,0,0,0,0,0,1,0,1
40101,ORURO,infecc. de transmision sexual,gonorrea,2015-08-01,0,0,0,0,0,0,0,0,0,0,0,0,1,0,0,0,0,0,0,0,1,0,1
21104,PALOS BLANCOS,infecc. de transmision sexual,gonorrea,2015-08-01,0,0,0,0,1,0,0,0,0,0,0,0,0,0,0,0,0,0,0,0,1,0,1
21802,PAPEL PAMPA,infecc. de transmision sexual,gonorrea,2015-08-01,0,0,0,0,0,0,0,0,0,0,0,0,0,1,0,1,0,0,0,0,0,2,2
50101,POTOSI,infecc. de transmision sexual,gonorrea,2015-08-01,0,0,0,0,0,0,0,0,0,0,2,2,4,0,1,0,1,0,0,0,8,2,10
21201,PUCARANI,infecc. de transmision sexual,gonorrea,2015-08-01,0,0,0,0,0,0,0,0,0,0,0,0,0,0,0,0,1,1,0,0,1,1,2
51101,PUNA,infecc. de transmision sexual,gonorrea,2015-08-01,0,0,0,0,0,0,0,0,0,0,0,0,1,0,0,0,0,0,0,0,1,0,1
80201,RIBERALTA,infecc. de transmision sexual,gonorrea,2015-08-01,0,0,0,0,0,0,0,0,0,0,1,0,0,0,0,0,0,0,0,0,1,0,1
31001,SACABA,infecc. de transmision sexual,gonorrea,2015-08-01,0,0,0,0,0,0,0,0,0,0,2,1,2,0,0,0,0,0,0,0,4,1,5
80302,SAN BORJA,infecc. de transmision sexual,gonorrea,2015-08-01,0,0,0,0,0,0,0,0,0,0,0,0,1,0,0,0,0,0,0,0,1,0,1
80501,SAN IGNACIO,infecc. de transmision sexual,gonorrea,2015-08-01,0,0,0,0,0,0,0,0,0,0,1,0,2,0,0,0,0,0,0,0,3,0,3
70301,SAN IGNACIO DE VELASCO,infecc. de transmision sexual,gonorrea,2015-08-01,0,0,0,0,0,0,0,0,0,0,0,0,1,0,0,0,0,0,0,0,1,0,1
71104,SAN JULIAN,infecc. de transmision sexual,gonorrea,2015-08-01,0,0,0,0,0,0,0,0,0,0,0,0,3,0,0,0,0,0,0,0,3,0,3
60501,SAN LORENZO(TJA),infecc. de transmision sexual,gonorrea,2015-08-01,0,0,0,0,0,0,0,0,0,0,0,0,0,0,1,0,0,0,0,0,1,0,1
80401,SANTA ANA,infecc. de transmision sexual,gonorrea,2015-08-01,0,0,0,0,0,0,0,0,0,0,0,0,1,0,0,0,0,0,0,0,1,0,1
70101,SANTA CRUZ DE LA SIERRA,infecc. de transmision sexual,gonorrea,2015-08-01,0,0,0,0,0,0,0,0,0,0,1,3,6,10,0,3,1,2,1,0,9,18,27
70602,SANTA ROSA DEL SARA,infecc. de transmision sexual,gonorrea,2015-08-01,0,0,0,0,0,0,0,0,0,0,0,0,1,0,0,0,0,0,0,0,1,0,1
20902,SAPAHAQUI,infecc. de transmision sexual,gonorrea,2015-08-01,0,0,0,0,0,0,0,0,0,0,0,0,0,0,0,0,0,0,0,1,0,1,1
21301,SICA SICA (VILLA AROMA),infecc. de transmision sexual,gonorrea,2015-08-01,0,0,0,0,0,0,0,0,0,0,0,0,0,1,0,0,0,0,0,0,0,1,1
10403,SOPACHUY,infecc. de transmision sexual,gonorrea,2015-08-01,0,0,0,0,0,0,0,0,0,0,0,1,0,0,0,0,0,0,0,0,0,1,1
10101,SUCRE,infecc. de transmision sexual,gonorrea,2015-08-01,0,0,0,0,0,0,0,0,0,0,2,2,2,10,2,2,0,1,0,0,6,15,21
30602,TACOPAYA,infecc. de transmision sexual,gonorrea,2015-08-01,0,0,0,0,0,0,0,0,0,0,0,0,0,1,0,0,0,0,0,0,0,1,1
10202,TARVITA,infecc. de transmision sexual,gonorrea,2015-08-01,0,0,0,0,0,0,0,0,0,0,0,0,1,2,0,0,0,0,1,0,2,2,4
20608,TEOPONTE,infecc. de transmision sexual,gonorrea,2015-08-01,0,0,0,0,0,0,0,0,0,0,0,0,0,1,0,0,0,0,0,0,0,1,1
80101,TRINIDAD,infecc. de transmision sexual,gonorrea,2015-08-01,0,0,0,0,0,1,0,1,0,1,5,3,8,31,1,2,0,1,0,0,14,40,54
60303,VILLA MONTES,infecc. de transmision sexual,gonorrea,2015-08-01,0,0,0,0,0,0,0,0,0,0,0,0,1,0,0,0,0,0,0,0,1,0,1
31003,VILLA TUNARI,infecc. de transmision sexual,gonorrea,2015-08-01,4,0,0,0,0,0,0,0,0,0,0,0,0,0,0,0,0,0,0,0,4,0,4
51501,VILLAZON,infecc. de transmision sexual,gonorrea,2015-08-01,0,0,0,0,0,0,0,0,0,0,0,0,0,2,0,0,0,0,0,0,0,2,2
30904,VINTO,infecc. de transmision sexual,gonorrea,2015-08-01,0,0,0,0,0,0,0,0,0,0,0,0,0,4,0,1,0,0,0,1,0,6,6
60301,YACUIBA,infecc. de transmision sexual,gonorrea,2015-08-01,0,0,0,0,0,0,0,0,0,0,1,1,1,2,0,0,0,0,0,0,2,3,5
70403,YAPACANI,infecc. de transmision sexual,gonorrea,2015-08-01,0,0,0,0,0,0,0,0,0,0,1,0,1,0,0,0,0,0,0,0,2,0,2
10301,ZUDAÑEZ,infecc. de transmision sexual,gonorrea,2015-08-01,0,0,0,0,0,0,0,0,0,0,0,0,0,0,1,0,0,0,0,0,1,0,1
20701,APOLO,infecc. de transmision sexual,gonorrea,2015-09-01,0,0,0,0,0,0,1,0,0,0,1,0,0,1,0,0,0,0,0,0,2,1,3
50802,ATOCHA,infecc. de transmision sexual,gonorrea,2015-09-01,0,0,0,0,0,0,0,0,0,0,0,0,1,0,0,0,0,0,0,0,1,0,1
21203,BATALLAS,infecc. de transmision sexual,gonorrea,2015-09-01,0,0,2,0,0,0,0,0,0,0,0,0,0,2,0,0,0,0,0,0,2,2,4
60202,BERMEJO,infecc. de transmision sexual,gonorrea,2015-09-01,0,0,0,0,0,0,0,0,0,0,0,0,4,0,0,0,0,0,0,0,4,0,4
70703,CABEZAS,infecc. de transmision sexual,gonorrea,2015-09-01,0,0,0,0,0,0,0,0,0,0,1,0,0,0,0,0,0,0,0,0,1,0,1
70706,CAMIRI,infecc. de transmision sexual,gonorrea,2015-09-01,0,0,0,0,0,0,0,0,0,0,0,0,1,0,0,0,0,0,0,0,1,0,1
40102,CARACOLLO,infecc. de transmision sexual,gonorrea,2015-09-01,0,0,0,0,0,0,0,0,0,0,0,0,0,0,0,1,0,1,0,0,0,2,2
22001,CARANAVI,infecc. de transmision sexual,gonorrea,2015-09-01,0,0,0,0,0,0,0,0,0,0,0,1,2,0,1,0,0,0,0,0,3,1,4
90101,COBIJA,infecc. de transmision sexual,gonorrea,2015-09-01,0,0,0,0,0,0,0,0,0,0,1,0,2,0,0,0,0,0,0,0,3,0,3
30101,COCHABAMBA,infecc. de transmision sexual,gonorrea,2015-09-01,0,0,0,0,0,0,0,0,0,0,2,2,10,0,0,2,0,1,0,0,12,5,17
21004,COLQUIRI,infecc. de transmision sexual,gonorrea,2015-09-01,0,1,0,0,0,0,0,0,0,0,0,0,0,0,0,0,0,0,0,0,0,1,1
70102,COTOCA,infecc. de transmision sexual,gonorrea,2015-09-01,0,0,0,0,0,0,0,0,0,0,0,0,1,1,0,0,0,0,0,0,1,1,2
20105,EL ALTO,infecc. de transmision sexual,gonorrea,2015-09-01,0,0,0,0,0,0,0,0,0,0,0,1,3,1,0,0,0,0,1,0,4,2,6
60502,EL PUENTE(TJA),infecc. de transmision sexual,gonorrea,2015-09-01,0,0,0,0,0,0,0,0,0,0,0,0,1,0,0,0,0,0,0,0,1,0,1
70105,EL TORNO,infecc. de transmision sexual,gonorrea,2015-09-01,0,0,0,0,0,0,0,0,0,0,1,0,2,0,0,0,0,0,0,0,3,0,3
90203,FILADELFIA,infecc. de transmision sexual,gonorrea,2015-09-01,0,0,0,0,0,0,0,0,0,0,0,0,1,0,0,0,0,0,0,0,1,0,1
20206,HUATAJATA,infecc. de transmision sexual,gonorrea,2015-09-01,0,0,0,0,0,0,0,0,0,0,1,0,0,0,0,0,0,0,0,0,1,0,1
21001,INQUISIVI,infecc. de transmision sexual,gonorrea,2015-09-01,0,0,0,0,0,0,0,0,0,0,0,0,0,0,0,0,0,0,1,0,1,0,1
21102,IRUPANA (VILLA DE LANZA),infecc. de transmision sexual,gonorrea,2015-09-01,0,0,0,0,0,0,0,0,0,0,0,0,0,0,0,0,1,0,0,0,1,0,1
21105,LA ASUNTA,infecc. de transmision sexual,gonorrea,2015-09-01,0,0,0,0,0,0,0,0,0,0,1,0,0,0,0,0,0,0,0,0,1,0,1
20101,LA PAZ,infecc. de transmision sexual,gonorrea,2015-09-01,0,0,0,0,0,0,0,0,0,0,0,0,6,1,1,0,0,0,0,0,7,1,8
21006,LICOMA PAMPA,infecc. de transmision sexual,gonorrea,2015-09-01,0,0,0,0,0,0,0,0,0,0,1,0,0,1,0,0,0,0,0,0,1,1,2
50203,LLALLAGUA,infecc. de transmision sexual,gonorrea,2015-09-01,0,0,0,0,0,0,0,0,0,0,0,0,0,0,1,0,0,0,0,0,1,0,1
20607,MAPIRI,infecc. de transmision sexual,gonorrea,2015-09-01,0,0,0,0,0,0,0,0,0,0,0,1,0,0,0,0,0,0,0,0,0,1,1
71001,MONTERO,infecc. de transmision sexual,gonorrea,2015-09-01,0,0,0,0,0,0,0,0,0,0,0,0,3,0,0,0,0,0,0,0,3,0,3
40101,ORURO,infecc. de transmision sexual,gonorrea,2015-09-01,0,0,0,0,0,0,0,0,0,0,1,0,2,0,2,0,0,0,0,0,5,0,5
20702,PELECHUCO,infecc. de transmision sexual,gonorrea,2015-09-01,0,0,0,0,0,0,0,0,0,0,0,0,0,1,0,0,0,0,0,0,0,1,1
50101,POTOSI,infecc. de transmision sexual,gonorrea,2015-09-01,0,0,0,0,0,0,0,0,0,0,1,0,4,0,1,0,1,0,0,0,7,0,7
21201,PUCARANI,infecc. de transmision sexual,gonorrea,2015-09-01,0,0,0,0,0,0,0,0,0,0,0,1,0,0,0,0,0,0,0,0,0,1,1
50402,RAVELO,infecc. de transmision sexual,gonorrea,2015-09-01,0,0,0,0,0,0,0,0,0,0,0,1,0,0,0,0,0,0,0,0,0,1,1
70503,ROBORE,infecc. de transmision sexual,gonorrea,2015-09-01,0,0,0,0,0,0,0,0,0,0,0,0,1,0,0,0,0,0,0,0,1,0,1
80304,RURRENABAQUE,infecc. de transmision sexual,gonorrea,2015-09-01,0,0,0,0,0,0,0,0,0,0,0,0,0,0,1,0,0,0,0,0,1,0,1
31001,SACABA,infecc. de transmision sexual,gonorrea,2015-09-01,0,0,0,0,0,0,0,0,0,0,0,2,0,1,0,3,0,0,1,0,1,6,7
80602,SAN ANDRES,infecc. de transmision sexual,gonorrea,2015-09-01,0,0,0,0,0,0,0,0,0,0,0,0,1,0,0,0,0,0,0,0,1,0,1
31403,SAN BENITO,infecc. de transmision sexual,gonorrea,2015-09-01,0,0,0,0,0,0,0,0,0,0,1,0,0,0,0,0,0,0,0,0,1,0,1
80302,SAN BORJA,infecc. de transmision sexual,gonorrea,2015-09-01,0,0,0,0,0,0,0,0,0,0,0,0,1,1,0,0,0,0,0,0,1,1,2
10702,SAN LUCAS,infecc. de transmision sexual,gonorrea,2015-09-01,0,0,0,0,0,0,0,0,0,0,0,0,1,0,0,0,0,0,0,0,1,0,1
80401,SANTA ANA,infecc. de transmision sexual,gonorrea,2015-09-01,0,0,0,0,0,0,0,0,0,0,0,0,1,0,0,0,0,0,0,0,1,0,1
70101,SANTA CRUZ DE LA SIERRA,infecc. de transmision sexual,gonorrea,2015-09-01,0,0,0,0,0,0,0,0,0,0,1,13,6,13,2,5,0,2,0,1,9,34,43
21301,SICA SICA (VILLA AROMA),infecc. de transmision sexual,gonorrea,2015-09-01,0,0,0,0,0,0,0,0,0,0,0,0,1,0,0,0,0,0,0,0,1,0,1
30902,SIPE SIPE,infecc. de transmision sexual,gonorrea,2015-09-01,0,0,0,0,0,0,0,0,0,0,0,0,0,1,0,0,0,0,0,0,0,1,1
10403,SOPACHUY,infecc. de transmision sexual,gonorrea,2015-09-01,0,0,0,0,0,0,0,0,0,0,0,0,0,1,0,0,0,0,0,0,0,1,1
10101,SUCRE,infecc. de transmision sexual,gonorrea,2015-09-01,0,0,0,0,0,0,0,0,0,0,3,0,2,2,1,0,0,0,0,0,6,2,8
31404,TACACHI,infecc. de transmision sexual,gonorrea,2015-09-01,0,0,0,0,0,0,0,0,0,0,0,0,2,0,0,0,0,0,0,0,2,0,2
41001,TOLEDO,infecc. de transmision sexual,gonorrea,2015-09-01,0,0,0,0,0,0,0,0,0,0,0,0,1,0,0,0,0,0,0,0,1,0,1
80101,TRINIDAD,infecc. de transmision sexual,gonorrea,2015-09-01,0,0,0,0,0,0,0,0,0,0,2,0,2,0,2,0,0,0,0,0,6,0,6
50201,UNCIA,infecc. de transmision sexual,gonorrea,2015-09-01,0,0,0,0,0,0,0,0,0,0,1,0,0,0,0,0,0,0,0,0,1,0,1
60303,VILLA MONTES,infecc. de transmision sexual,gonorrea,2015-09-01,0,0,0,0,0,0,0,0,0,0,1,0,0,0,0,0,0,0,0,0,1,0,1
31003,VILLA TUNARI,infecc. de transmision sexual,gonorrea,2015-09-01,0,0,0,0,0,0,0,0,0,0,1,0,1,0,0,0,0,0,0,0,2,0,2
11001,VILLA VACA GUZMAN (MUYUPAMPA),infecc. de transmision sexual,gonorrea,2015-09-01,0,0,0,0,0,0,0,0,0,0,0,0,0,1,0,0,0,0,0,0,0,1,1
51501,VILLAZON,infecc. de transmision sexual,gonorrea,2015-09-01,0,0,0,0,0,0,0,0,0,0,0,0,1,0,0,0,0,0,0,0,1,0,1
30904,VINTO,infecc. de transmision sexual,gonorrea,2015-09-01,0,0,0,0,0,0,0,0,0,0,1,0,0,0,0,0,0,0,0,0,1,0,1
60301,YACUIBA,infecc. de transmision sexual,gonorrea,2015-09-01,0,0,0,0,0,0,0,0,0,0,3,0,3,0,0,0,0,0,0,0,6,0,6
30402,ANZALDO,infecc. de transmision sexual,gonorrea,2015-10-01,0,0,0,0,0,0,0,0,0,0,0,0,0,1,0,0,0,0,0,0,0,1,1
70703,CABEZAS,infecc. de transmision sexual,gonorrea,2015-10-01,0,0,0,0,0,0,0,0,0,0,0,0,0,2,0,0,0,0,0,0,0,2,2
20905,CAIROMA,infecc. de transmision sexual,gonorrea,2015-10-01,0,0,0,0,0,0,0,0,0,0,0,0,0,1,0,0,0,0,0,0,0,1,1
51102,"CAIZA ""D""",infecc. de transmision sexual,gonorrea,2015-10-01,0,0,0,0,0,0,0,0,0,0,0,0,0,1,0,0,0,1,0,0,0,2,2
70706,CAMIRI,infecc. de transmision sexual,gonorrea,2015-10-01,0,0,0,0,0,0,0,0,0,0,0,0,1,1,0,0,0,0,0,0,1,1,2
40102,CARACOLLO,infecc. de transmision sexual,gonorrea,2015-10-01,0,0,0,0,0,0,0,0,0,0,0,0,1,1,1,0,0,0,0,0,2,1,3
22001,CARANAVI,infecc. de transmision sexual,gonorrea,2015-10-01,0,0,0,0,0,0,0,0,0,0,0,0,1,0,0,0,0,0,0,0,1,0,1
60302,CARAPARI,infecc. de transmision sexual,gonorrea,2015-10-01,0,0,0,0,0,0,0,0,0,0,0,0,1,0,0,0,0,0,0,0,1,0,1
90101,COBIJA,infecc. de transmision sexual,gonorrea,2015-10-01,0,0,0,0,0,0,0,0,0,0,1,0,0,0,0,0,0,0,0,0,1,0,1
30101,COCHABAMBA,infecc. de transmision sexual,gonorrea,2015-10-01,0,0,0,0,0,0,0,0,0,0,0,0,4,0,1,1,0,0,0,0,5,1,6
50901,"COLCHA ""K""",infecc. de transmision sexual,gonorrea,2015-10-01,0,0,0,0,0,0,0,0,0,0,0,0,0,0,0,0,0,0,1,0,1,0,1
21701,COPACABANA,infecc. de transmision sexual,gonorrea,2015-10-01,0,0,0,0,0,0,0,0,0,0,1,0,0,0,0,0,0,0,0,0,1,0,1
50601,COTAGAITA,infecc. de transmision sexual,gonorrea,2015-10-01,0,0,0,0,0,0,0,0,0,0,0,0,1,0,0,0,0,0,0,0,1,0,1
20105,EL ALTO,infecc. de transmision sexual,gonorrea,2015-10-01,0,0,0,0,0,0,0,0,0,0,2,0,3,3,0,0,1,1,0,0,6,4,10
60502,EL PUENTE(TJA),infecc. de transmision sexual,gonorrea,2015-10-01,0,0,0,0,0,0,0,0,0,0,1,0,0,1,0,0,0,0,0,0,1,1,2
70105,EL TORNO,infecc. de transmision sexual,gonorrea,2015-10-01,0,0,0,0,0,0,0,0,0,0,1,0,1,0,1,0,0,0,0,0,3,0,3
20405,ESCOMA,infecc. de transmision sexual,gonorrea,2015-10-01,0,0,0,0,0,0,0,0,0,0,0,0,2,0,0,0,0,0,0,0,2,0,2
80202,GUAYARAMERIN,infecc. de transmision sexual,gonorrea,2015-10-01,0,0,0,0,0,0,0,0,0,0,2,0,0,0,0,0,0,0,0,0,2,0,2
21105,LA ASUNTA,infecc. de transmision sexual,gonorrea,2015-10-01,0,0,0,0,0,0,0,0,0,0,0,0,1,0,0,0,0,0,0,0,1,0,1
70104,LA GUARDIA,infecc. de transmision sexual,gonorrea,2015-10-01,0,0,0,0,0,0,0,0,0,0,0,0,0,0,1,0,0,0,0,0,1,0,1
20101,LA PAZ,infecc. de transmision sexual,gonorrea,2015-10-01,0,0,0,0,0,0,0,0,0,0,0,0,3,0,0,0,1,0,0,0,4,0,4
71003,MINEROS,infecc. de transmision sexual,gonorrea,2015-10-01,0,0,0,0,0,0,0,0,0,0,0,0,1,0,0,0,1,0,0,0,2,0,2
31301,MIZQUE,infecc. de transmision sexual,gonorrea,2015-10-01,0,0,0,0,0,0,0,0,0,0,1,0,1,1,0,0,0,0,0,0,2,1,3
10303,MOJOCOYA,infecc. de transmision sexual,gonorrea,2015-10-01,0,0,0,0,0,0,0,0,0,0,0,0,0,1,0,0,0,0,0,0,0,1,1
10501,MONTEAGUDO,infecc. de transmision sexual,gonorrea,2015-10-01,0,0,0,0,0,0,0,0,0,0,0,0,0,1,0,0,0,0,0,0,0,1,1
71001,MONTERO,infecc. de transmision sexual,gonorrea,2015-10-01,0,0,0,0,0,0,0,0,0,0,1,0,1,0,0,0,0,0,0,0,2,0,2
40101,ORURO,infecc. de transmision sexual,gonorrea,2015-10-01,0,0,0,0,0,0,0,0,0,0,0,0,4,0,0,0,0,0,0,0,4,0,4
20702,PELECHUCO,infecc. de transmision sexual,gonorrea,2015-10-01,0,0,0,0,0,0,0,0,0,0,0,1,1,0,0,0,0,0,0,0,1,1,2
50101,POTOSI,infecc. de transmision sexual,gonorrea,2015-10-01,0,0,0,0,0,0,0,0,0,0,0,0,5,1,1,0,0,0,0,0,6,1,7
90201,PUERTO RICO,infecc. de transmision sexual,gonorrea,2015-10-01,0,0,0,0,0,0,0,0,0,0,1,0,1,0,0,0,0,0,0,0,2,0,2
71401,PUERTO SUAREZ,infecc. de transmision sexual,gonorrea,2015-10-01,0,0,0,0,0,0,0,0,0,0,0,0,0,0,1,0,0,0,0,0,1,0,1
31401,PUNATA,infecc. de transmision sexual,gonorrea,2015-10-01,0,0,0,0,0,0,0,0,0,0,0,0,0,1,0,0,0,0,0,0,0,1,1
50402,RAVELO,infecc. de transmision sexual,gonorrea,2015-10-01,0,0,0,0,0,0,0,0,0,0,0,0,0,1,0,0,0,1,0,0,0,2,2
80201,RIBERALTA,infecc. de transmision sexual,gonorrea,2015-10-01,0,0,0,0,0,0,0,0,0,0,0,0,0,2,0,0,0,1,0,0,0,3,3
31001,SACABA,infecc. de transmision sexual,gonorrea,2015-10-01,0,0,0,0,0,0,0,0,0,0,3,0,5,1,0,0,0,0,0,0,8,1,9
50701,SACACA,infecc. de transmision sexual,gonorrea,2015-10-01,0,0,0,0,0,0,0,0,0,0,2,0,0,0,0,0,0,0,0,0,2,0,2
70901,SAMAIPATA,infecc. de transmision sexual,gonorrea,2015-10-01,0,0,0,0,0,0,0,0,0,0,0,0,0,1,0,0,0,0,0,0,0,1,1
31403,SAN BENITO,infecc. de transmision sexual,gonorrea,2015-10-01,0,0,0,0,0,0,0,0,0,0,1,0,0,0,0,0,0,0,0,0,1,0,1
80501,SAN IGNACIO,infecc. de transmision sexual,gonorrea,2015-10-01,0,0,0,0,0,0,0,0,0,0,1,0,0,0,0,0,0,0,0,0,1,0,1
71104,SAN JULIAN,infecc. de transmision sexual,gonorrea,2015-10-01,0,0,0,0,0,0,0,0,0,0,0,0,1,0,1,0,0,0,0,0,2,0,2
50501,SAN PEDRO DE BUENA VISTA,infecc. de transmision sexual,gonorrea,2015-10-01,0,0,0,0,0,0,0,0,0,0,1,0,0,0,0,0,0,0,0,0,1,0,1
90202,SAN PEDRO(PND),infecc. de transmision sexual,gonorrea,2015-10-01,0,0,0,0,0,0,0,0,0,0,0,0,1,0,0,0,0,0,0,0,1,0,1
70101,SANTA CRUZ DE LA SIERRA,infecc. de transmision sexual,gonorrea,2015-10-01,0,0,0,0,0,0,0,0,0,0,1,4,6,2,0,1,0,0,0,0,7,7,14
31602,SHINAOTA,infecc. de transmision sexual,gonorrea,2015-10-01,0,0,0,0,0,0,0,0,0,0,0,0,2,1,0,0,0,0,1,0,3,1,4
21301,SICA SICA (VILLA AROMA),infecc. de transmision sexual,gonorrea,2015-10-01,0,0,0,0,0,0,0,0,0,0,0,0,1,0,0,0,0,0,0,0,1,0,1
30902,SIPE SIPE,infecc. de transmision sexual,gonorrea,2015-10-01,0,0,0,0,0,0,0,0,0,0,0,0,0,1,0,0,0,0,0,0,0,1,1
10101,SUCRE,infecc. de transmision sexual,gonorrea,2015-10-01,0,0,0,0,0,0,0,0,0,0,1,2,1,14,0,3,0,4,0,0,2,23,25
10202,TARVITA,infecc. de transmision sexual,gonorrea,2015-10-01,0,0,0,0,0,0,0,0,0,0,0,0,2,0,1,0,0,0,0,0,3,0,3
80101,TRINIDAD,infecc. de transmision sexual,gonorrea,2015-10-01,0,0,0,0,0,0,0,0,0,0,4,0,2,2,1,1,0,0,0,0,7,3,10
51501,VILLAZON,infecc. de transmision sexual,gonorrea,2015-10-01,0,0,0,0,0,0,0,0,0,0,1,0,0,0,0,0,1,0,0,0,2,0,2
60301,YACUIBA,infecc. de transmision sexual,gonorrea,2015-10-01,0,0,0,0,0,0,0,0,0,0,2,0,2,0,2,0,0,0,0,0,6,0,6
30201,AIQUILE,infecc. de transmision sexual,gonorrea,2015-11-01,0,0,0,0,0,0,0,1,0,0,1,3,0,6,0,0,0,1,0,4,1,15,16
90104,BELLA FLOR,infecc. de transmision sexual,gonorrea,2015-11-01,0,0,0,0,0,0,0,0,0,1,0,0,0,2,0,0,0,0,0,0,0,3,3
10701,CAMARGO,infecc. de transmision sexual,gonorrea,2015-11-01,0,0,0,0,0,0,0,0,0,0,0,1,0,0,0,0,0,0,0,0,0,1,1
70706,CAMIRI,infecc. de transmision sexual,gonorrea,2015-11-01,0,0,0,0,0,0,0,0,0,0,2,0,0,0,0,0,0,0,0,0,2,0,2
20305,CHARAÑA,infecc. de transmision sexual,gonorrea,2015-11-01,0,0,0,0,0,0,0,0,0,0,0,0,1,0,0,0,0,0,0,0,1,0,1
90101,COBIJA,infecc. de transmision sexual,gonorrea,2015-11-01,0,0,0,0,0,0,0,0,0,0,0,0,1,0,0,0,0,0,0,0,1,0,1
30101,COCHABAMBA,infecc. de transmision sexual,gonorrea,2015-11-01,0,0,0,0,0,0,0,0,0,0,1,0,6,1,4,4,0,0,0,0,11,5,16
30905,COLCAPIRHUA,infecc. de transmision sexual,gonorrea,2015-11-01,0,0,0,0,0,0,0,0,0,0,1,0,0,1,0,0,0,0,0,0,1,1,2
50901,"COLCHA ""K""",infecc. de transmision sexual,gonorrea,2015-11-01,0,0,0,0,0,0,0,0,0,0,0,0,0,0,0,0,0,0,1,0,1,0,1
50401,COLQUECHACA,infecc. de transmision sexual,gonorrea,2015-11-01,0,0,0,0,0,0,0,0,0,0,0,1,0,0,0,0,0,0,0,0,0,1,1
21401,COROICO,infecc. de transmision sexual,gonorrea,2015-11-01,0,0,0,0,0,0,0,0,0,0,1,0,0,0,0,0,0,0,0,0,1,0,1
70102,COTOCA,infecc. de transmision sexual,gonorrea,2015-11-01,0,0,0,0,0,0,0,0,0,0,0,1,0,0,0,0,0,0,0,0,0,1,1
20105,EL ALTO,infecc. de transmision sexual,gonorrea,2015-11-01,0,0,0,0,0,0,0,0,0,0,2,0,2,1,0,1,0,0,0,0,4,2,6
71503,EL PUENTE(STC),infecc. de transmision sexual,gonorrea,2015-11-01,0,0,0,0,0,0,0,0,0,0,0,0,1,0,0,0,0,0,0,0,1,0,1
60502,EL PUENTE(TJA),infecc. de transmision sexual,gonorrea,2015-11-01,0,0,0,0,0,0,0,0,0,0,0,0,0,1,0,0,0,0,0,0,0,1,1
70105,EL TORNO,infecc. de transmision sexual,gonorrea,2015-11-01,0,0,0,0,0,0,0,0,0,0,1,0,0,0,0,0,0,0,0,0,1,0,1
80202,GUAYARAMERIN,infecc. de transmision sexual,gonorrea,2015-11-01,0,0,0,0,0,0,0,0,0,0,0,0,0,2,0,0,0,0,0,0,0,2,2
40701,HUANUNI,infecc. de transmision sexual,gonorrea,2015-11-01,0,0,0,0,0,0,0,0,0,0,0,0,1,0,0,0,0,0,0,0,1,0,1
21102,IRUPANA (VILLA DE LANZA),infecc. de transmision sexual,gonorrea,2015-11-01,0,0,0,0,0,0,0,0,0,0,0,0,1,0,0,0,0,0,0,0,1,0,1
21501,IXIAMAS,infecc. de transmision sexual,gonorrea,2015-11-01,2,0,0,0,0,0,0,0,0,0,0,0,0,0,0,0,0,0,0,0,2,0,2
70104,LA GUARDIA,infecc. de transmision sexual,gonorrea,2015-11-01,0,0,0,0,0,0,0,0,0,0,1,0,0,0,0,0,0,0,1,0,2,0,2
20101,LA PAZ,infecc. de transmision sexual,gonorrea,2015-11-01,0,0,0,0,0,0,0,0,0,0,1,0,5,1,0,0,0,0,0,0,6,1,7
21202,LAJA,infecc. de transmision sexual,gonorrea,2015-11-01,0,0,0,0,0,0,0,0,0,0,0,0,0,0,0,1,1,0,0,0,1,1,2
31301,MIZQUE,infecc. de transmision sexual,gonorrea,2015-11-01,0,0,0,0,0,0,0,0,0,0,0,0,1,2,0,0,0,0,0,0,1,2,3
10303,MOJOCOYA,infecc. de transmision sexual,gonorrea,2015-11-01,0,0,0,0,0,0,0,0,0,0,0,0,0,0,0,0,0,0,1,0,1,0,1
71001,MONTERO,infecc. de transmision sexual,gonorrea,2015-11-01,0,0,0,0,0,0,0,0,0,3,0,3,0,4,0,2,0,1,0,0,0,13,13
40101,ORURO,infecc. de transmision sexual,gonorrea,2015-11-01,0,0,0,0,0,0,0,0,0,0,1,0,2,0,0,0,0,0,0,0,3,0,3
50101,POTOSI,infecc. de transmision sexual,gonorrea,2015-11-01,0,0,0,0,0,0,0,0,0,0,0,0,1,0,0,0,0,0,0,0,1,0,1
31205,PUERTO VILLARROEL,infecc. de transmision sexual,gonorrea,2015-11-01,0,0,0,0,0,0,0,0,0,0,0,1,0,0,0,0,0,0,0,0,0,1,1
50402,RAVELO,infecc. de transmision sexual,gonorrea,2015-11-01,0,0,0,0,0,0,0,0,0,0,1,0,0,0,0,0,0,0,0,0,1,0,1
80201,RIBERALTA,infecc. de transmision sexual,gonorrea,2015-11-01,0,0,0,0,0,0,1,0,0,0,0,0,0,0,0,0,0,0,0,0,1,0,1
31001,SACABA,infecc. de transmision sexual,gonorrea,2015-11-01,0,0,0,0,0,0,0,0,0,0,0,0,3,0,0,0,0,0,0,0,3,0,3
70901,SAMAIPATA,infecc. de transmision sexual,gonorrea,2015-11-01,0,0,0,0,0,0,0,0,0,0,0,0,1,0,0,0,0,0,0,0,1,0,1
80602,SAN ANDRES,infecc. de transmision sexual,gonorrea,2015-11-01,0,0,0,0,0,0,0,0,0,0,0,0,1,0,0,0,0,0,0,0,1,0,1
80501,SAN IGNACIO,infecc. de transmision sexual,gonorrea,2015-11-01,0,0,0,0,0,0,0,0,0,0,1,0,0,0,1,0,0,0,0,0,2,0,2
80102,SAN JAVIER(BNI),infecc. de transmision sexual,gonorrea,2015-11-01,0,0,0,0,0,0,0,0,0,0,0,0,1,0,0,0,0,0,0,0,1,0,1
10702,SAN LUCAS,infecc. de transmision sexual,gonorrea,2015-11-01,0,0,0,0,0,0,0,0,0,0,0,0,0,1,0,0,0,0,0,0,0,1,1
80401,SANTA ANA,infecc. de transmision sexual,gonorrea,2015-11-01,0,0,0,0,0,0,0,0,0,0,0,0,1,0,0,0,0,0,0,0,1,0,1
70101,SANTA CRUZ DE LA SIERRA,infecc. de transmision sexual,gonorrea,2015-11-01,0,0,0,0,0,2,0,1,0,0,0,3,7,21,1,8,0,2,0,3,8,40,48
31602,SHINAOTA,infecc. de transmision sexual,gonorrea,2015-11-01,0,0,0,0,0,0,0,0,0,0,0,0,0,1,0,1,0,0,0,0,0,2,2
21301,SICA SICA (VILLA AROMA),infecc. de transmision sexual,gonorrea,2015-11-01,0,0,0,0,0,0,0,0,0,0,0,0,1,0,1,0,0,0,0,0,2,0,2
10403,SOPACHUY,infecc. de transmision sexual,gonorrea,2015-11-01,0,0,0,0,0,0,0,0,0,0,0,0,1,2,0,1,0,0,0,0,1,3,4
20601,SORATA,infecc. de transmision sexual,gonorrea,2015-11-01,0,0,0,0,0,0,0,0,0,0,0,0,0,2,0,0,0,0,0,0,0,2,2
10101,SUCRE,infecc. de transmision sexual,gonorrea,2015-11-01,0,0,0,0,0,0,0,0,0,0,2,1,3,6,0,3,0,0,0,0,5,10,15
60101,TARIJA,infecc. de transmision sexual,gonorrea,2015-11-01,0,0,0,0,0,0,0,0,0,0,1,0,0,0,0,0,0,0,0,0,1,0,1
80101,TRINIDAD,infecc. de transmision sexual,gonorrea,2015-11-01,0,0,0,0,0,0,0,0,0,0,1,0,2,0,1,0,0,0,0,0,4,0,4
50801,TUPIZA,infecc. de transmision sexual,gonorrea,2015-11-01,0,0,0,0,0,0,0,0,0,0,0,0,0,0,0,1,0,0,0,1,0,2,2
50201,UNCIA,infecc. de transmision sexual,gonorrea,2015-11-01,0,0,0,0,0,0,0,0,0,0,1,0,0,0,0,0,0,0,0,0,1,0,1
60401,URIONDO (A. CONCEPCION),infecc. de transmision sexual,gonorrea,2015-11-01,0,0,0,0,0,0,0,0,0,0,0,0,1,0,0,0,0,0,0,0,1,0,1
30502,VACAS,infecc. de transmision sexual,gonorrea,2015-11-01,0,0,0,0,0,0,0,0,0,0,1,0,0,0,0,0,0,0,0,0,1,0,1
31003,VILLA TUNARI,infecc. de transmision sexual,gonorrea,2015-11-01,0,0,0,0,0,0,0,0,0,0,1,0,0,0,0,0,0,0,0,0,1,0,1
70201,WARNES,infecc. de transmision sexual,gonorrea,2015-11-01,0,0,0,0,0,0,0,0,0,0,1,0,1,1,1,0,1,0,0,0,4,1,5
60301,YACUIBA,infecc. de transmision sexual,gonorrea,2015-11-01,0,0,0,0,0,0,0,0,0,0,1,0,0,0,0,0,0,0,0,0,1,0,1
30403,ARBIETO,infecc. de transmision sexual,gonorrea,2015-12-01,0,0,0,0,0,0,0,0,0,0,0,0,0,0,0,0,0,0,0,1,0,1,1
71501,ASCENCION DE GUARAYOS,infecc. de transmision sexual,gonorrea,2015-12-01,0,0,0,0,0,0,0,0,0,0,0,2,0,1,0,0,0,0,0,0,0,3,3
20502,AYATA,infecc. de transmision sexual,gonorrea,2015-12-01,0,0,0,0,0,0,0,0,0,0,1,0,0,0,0,0,0,0,0,0,1,0,1
60202,BERMEJO,infecc. de transmision sexual,gonorrea,2015-12-01,0,0,0,0,0,0,0,0,0,0,0,0,1,1,0,0,0,0,0,0,1,1,2
40102,CARACOLLO,infecc. de transmision sexual,gonorrea,2015-12-01,0,0,0,0,0,0,0,0,0,0,0,0,0,0,0,1,0,0,0,0,0,1,1
60302,CARAPARI,infecc. de transmision sexual,gonorrea,2015-12-01,0,0,0,0,0,0,0,0,0,0,1,0,0,0,0,0,0,0,0,0,1,0,1
30101,COCHABAMBA,infecc. de transmision sexual,gonorrea,2015-12-01,0,0,0,0,0,0,0,0,0,0,2,0,8,2,1,1,0,0,2,0,13,3,16
20105,EL ALTO,infecc. de transmision sexual,gonorrea,2015-12-01,0,0,0,0,0,0,0,0,0,0,0,0,4,0,0,0,0,0,0,0,4,0,4
70105,EL TORNO,infecc. de transmision sexual,gonorrea,2015-12-01,0,0,0,0,0,0,0,0,0,0,1,0,1,0,0,0,0,0,0,0,2,0,2
31206,ENTRE RIOS CBBA,infecc. de transmision sexual,gonorrea,2015-12-01,0,0,0,0,0,0,0,0,0,0,0,0,1,0,0,0,0,0,0,0,1,0,1
20206,HUATAJATA,infecc. de transmision sexual,gonorrea,2015-12-01,0,0,0,0,0,0,0,0,0,0,2,0,0,0,0,0,0,0,0,0,2,0,2
21102,IRUPANA (VILLA DE LANZA),infecc. de transmision sexual,gonorrea,2015-12-01,0,0,0,0,0,0,0,0,0,0,0,0,1,0,0,0,0,0,1,0,2,0,2
21105,LA ASUNTA,infecc. de transmision sexual,gonorrea,2015-12-01,0,0,0,0,0,0,0,0,0,0,0,0,1,0,1,0,0,0,0,0,2,0,2
20101,LA PAZ,infecc. de transmision sexual,gonorrea,2015-12-01,0,0,0,0,0,0,0,1,0,0,2,0,5,6,0,0,0,0,0,0,7,7,14
20901,LURIBAY,infecc. de transmision sexual,gonorrea,2015-12-01,0,0,0,0,0,0,0,0,0,0,0,0,0,0,0,0,0,0,1,0,1,0,1
20607,MAPIRI,infecc. de transmision sexual,gonorrea,2015-12-01,0,0,0,0,0,0,0,0,0,0,0,0,1,0,0,0,0,0,0,0,1,0,1
31301,MIZQUE,infecc. de transmision sexual,gonorrea,2015-12-01,0,0,0,0,0,0,0,0,0,0,0,1,0,0,0,0,0,0,0,0,0,1,1
10303,MOJOCOYA,infecc. de transmision sexual,gonorrea,2015-12-01,0,0,0,0,0,0,0,0,0,0,0,0,0,0,0,0,0,0,1,0,1,0,1
71001,MONTERO,infecc. de transmision sexual,gonorrea,2015-12-01,0,0,0,0,0,0,0,1,0,1,1,0,2,2,0,0,0,1,0,0,3,5,8
30203,OMEREQUE,infecc. de transmision sexual,gonorrea,2015-12-01,0,0,0,0,0,0,0,0,0,0,0,0,0,0,0,0,0,0,1,0,1,0,1
40101,ORURO,infecc. de transmision sexual,gonorrea,2015-12-01,0,0,0,0,0,0,0,0,0,0,3,0,0,0,0,0,0,0,0,0,3,0,3
20702,PELECHUCO,infecc. de transmision sexual,gonorrea,2015-12-01,0,0,0,0,0,0,0,0,0,0,0,0,0,1,0,0,0,0,0,0,0,1,1
50101,POTOSI,infecc. de transmision sexual,gonorrea,2015-12-01,0,0,0,0,0,0,0,0,0,0,0,0,2,1,0,0,1,0,0,0,3,1,4
90201,PUERTO RICO,infecc. de transmision sexual,gonorrea,2015-12-01,0,0,0,0,0,0,0,0,0,0,1,0,0,0,0,0,0,0,0,0,1,0,1
31205,PUERTO VILLARROEL,infecc. de transmision sexual,gonorrea,2015-12-01,0,0,0,0,0,0,0,0,0,0,1,0,0,0,0,0,0,0,0,0,1,0,1
30901,QUILLACOLLO,infecc. de transmision sexual,gonorrea,2015-12-01,0,0,0,0,0,0,0,0,0,0,0,0,0,1,0,0,0,0,0,0,0,1,1
50402,RAVELO,infecc. de transmision sexual,gonorrea,2015-12-01,0,0,0,0,0,0,0,0,0,0,0,0,0,1,0,1,0,0,0,0,0,2,2
31001,SACABA,infecc. de transmision sexual,gonorrea,2015-12-01,0,0,0,0,0,0,0,0,0,0,2,0,1,3,0,0,0,0,0,0,3,3,6
80302,SAN BORJA,infecc. de transmision sexual,gonorrea,2015-12-01,0,0,0,0,0,0,0,0,0,0,0,0,1,1,0,0,0,0,0,0,1,1,2
80501,SAN IGNACIO,infecc. de transmision sexual,gonorrea,2015-12-01,0,0,0,0,0,0,0,0,0,0,0,0,1,0,0,0,0,0,0,0,1,0,1
21801,SAN PEDRO DE CURAHUARA,infecc. de transmision sexual,gonorrea,2015-12-01,0,0,0,0,0,0,0,0,1,0,0,0,0,0,0,0,0,0,0,0,1,0,1
70101,SANTA CRUZ DE LA SIERRA,infecc. de transmision sexual,gonorrea,2015-12-01,0,0,0,0,0,0,0,0,0,0,1,5,12,9,0,0,0,0,0,0,13,14,27
10101,SUCRE,infecc. de transmision sexual,gonorrea,2015-12-01,0,0,0,0,0,0,0,0,0,0,0,0,1,6,0,4,0,0,0,0,1,10,11
30602,TACOPAYA,infecc. de transmision sexual,gonorrea,2015-12-01,0,0,0,0,0,0,0,0,0,0,0,0,0,1,0,1,0,0,0,0,0,2,2
10601,TARABUCO,infecc. de transmision sexual,gonorrea,2015-12-01,0,0,0,0,0,0,0,0,0,0,0,0,0,1,0,1,0,0,0,0,0,2,2
60101,TARIJA,infecc. de transmision sexual,gonorrea,2015-12-01,0,0,0,0,0,0,0,0,0,0,1,0,0,1,0,0,0,0,0,0,1,1,2
30903,TIQUIPAYA,infecc. de transmision sexual,gonorrea,2015-12-01,0,0,0,0,0,0,0,0,0,0,0,0,0,1,0,0,0,0,0,0,0,1,1
31003,VILLA TUNARI,infecc. de transmision sexual,gonorrea,2015-12-01,0,0,0,0,0,0,0,0,0,0,0,0,1,2,0,0,0,0,0,0,1,2,3
51501,VILLAZON,infecc. de transmision sexual,gonorrea,2015-12-01,0,0,0,0,0,0,0,0,0,0,0,0,2,0,0,0,0,0,0,0,2,0,2
60301,YACUIBA,infecc. de transmision sexual,gonorrea,2015-12-01,0,0,0,0,0,0,0,0,0,0,2,1,3,1,0,0,0,0,0,0,5,2,7
