codigo_municipio,municipio,grupo,variable,mes,a-menor-de-6-meses-d_masculino,a-menor-de-6-meses-d-1_femenino,a-menor-de-6-meses-f_masculino,a-menor-de-6-meses-f-1_femenino,b-6-m-a-menor-de-1-ano-d_masculino,b-6-m-a-menor-de-1-ano-d-1_femenino,b-6-m-a-menor-de-1-ano-f_masculino,b-6-m-a-menor-de-1-ano-f-1_femenino,c-1-4-anos-d_masculino,c-1-4-anos-d-1_femenino,c-1-4-anos-f_masculino,c-1-4-anos-f-1_femenino,d-5-9-anos-d_masculino,d-5-9-anos-d-1_femenino,d-5-9-anos-f_masculino,d-5-9-anos-f-1_femenino,e-10-a-14-anos-d_masculino,e-10-a-14-anos-d-1_femenino,e-10-a-14-anos-f_masculino,e-10-a-14-anos-f-1_femenino,f-15-19-anos-d_masculino,f-15-19-anos-d-1_femenino,f-15-19-anos-f_masculino,f-15-19-anos-f-1_femenino,g-20-39-anos-d_masculino,g-20-39-anos-d-1_femenino,g-20-39-anos-f_masculino,g-20-39-anos-f-1_femenino,h-40-49-anos-d_masculino,h-40-49-anos-d-1_femenino,h-40-49-anos-f_masculino,h-40-49-anos-f-1_femenino,i-50-59-anos-d_masculino,i-50-59-anos-d-1_femenino,i-50-59-anos-f_masculino,i-50-59-anos-f-1_femenino,j-60-anos-y-mas-d_masculino,j-60-anos-y-mas-d-1_femenino,j-60-anos-y-mas-f_masculino,j-60-anos-y-mas-f-1_femenino,totales_dentro,totales-1_fuera,totales-2_total
20701,APOLO,mortalidad,muerte menor de 5 anos por otras causas,2020-01-01,0,0,1,0,0,0,0,0,0,0,0,0,0,0,0,0,0,0,0,0,0,0,0,0,0,0,0,0,0,0,0,0,0,0,0,0,0,0,0,0,1,0,1
30601,ARQUE,mortalidad,muerte menor de 5 anos por otras causas,2020-01-01,0,0,0,0,0,0,0,0,0,0,1,0,0,0,0,0,0,0,0,0,0,0,0,0,0,0,0,0,0,0,0,0,0,0,0,0,0,0,0,0,1,0,1
21003,CAJUATA,mortalidad,muerte menor de 5 anos por otras causas,2020-01-01,0,0,0,0,0,0,0,0,0,0,0,1,0,0,0,0,0,0,0,0,0,0,0,0,0,0,0,0,0,0,0,0,0,0,0,0,0,0,0,0,0,1,1
20305,CHARAÃ‘A,mortalidad,muerte menor de 5 anos por otras causas,2020-01-01,0,0,1,0,0,0,0,0,0,0,0,0,0,0,0,0,0,0,0,0,0,0,0,0,0,0,0,0,0,0,0,0,0,0,0,0,0,0,0,0,1,0,1
90101,COBIJA,mortalidad,muerte menor de 5 anos por otras causas,2020-01-01,0,0,0,0,0,0,0,0,1,1,0,0,0,0,0,0,0,0,0,0,0,0,0,0,0,0,0,0,0,0,0,0,0,0,0,0,0,0,0,0,1,1,2
30303,COCAPATA,mortalidad,muerte menor de 5 anos por otras causas,2020-01-01,0,0,0,0,0,0,0,0,0,0,0,1,0,0,0,0,0,0,0,0,0,0,0,0,0,0,0,0,0,0,0,0,0,0,0,0,0,0,0,0,0,1,1
30101,COCHABAMBA,mortalidad,muerte menor de 5 anos por otras causas,2020-01-01,6,6,0,0,0,0,0,0,2,1,1,0,0,0,0,0,0,0,0,0,0,0,0,0,0,0,0,0,0,0,0,0,0,0,0,0,0,0,0,0,9,7,16
21401,COROICO,mortalidad,muerte menor de 5 anos por otras causas,2020-01-01,0,0,0,0,0,0,1,0,0,0,0,0,0,0,0,0,0,0,0,0,0,0,0,0,0,0,0,0,0,0,0,0,0,0,0,0,0,0,0,0,1,0,1
70102,COTOCA,mortalidad,muerte menor de 5 anos por otras causas,2020-01-01,0,0,1,0,0,0,0,0,0,0,0,0,0,0,0,0,0,0,0,0,0,0,0,0,0,0,0,0,0,0,0,0,0,0,0,0,0,0,0,0,1,0,1
10902,CULPINA,mortalidad,muerte menor de 5 anos por otras causas,2020-01-01,0,0,0,1,0,0,0,0,0,0,0,0,0,0,0,0,0,0,0,0,0,0,0,0,0,0,0,0,0,0,0,0,0,0,0,0,0,0,0,0,0,1,1
20105,EL ALTO,mortalidad,muerte menor de 5 anos por otras causas,2020-01-01,15,19,2,0,1,0,0,0,0,1,3,0,0,0,0,0,0,0,0,0,0,0,0,0,0,0,0,0,0,0,0,0,0,0,0,0,0,0,0,0,21,20,41
60502,EL PUENTE(TJA),mortalidad,muerte menor de 5 anos por otras causas,2020-01-01,0,0,1,1,0,0,0,0,0,0,0,0,0,0,0,0,0,0,0,0,0,0,0,0,0,0,0,0,0,0,0,0,0,0,0,0,0,0,0,0,1,1,2
20206,HUATAJATA,mortalidad,muerte menor de 5 anos por otras causas,2020-01-01,0,0,1,0,0,0,0,0,0,0,0,0,0,0,0,0,0,0,0,0,0,0,0,0,0,0,0,0,0,0,0,0,0,0,0,0,0,0,0,0,1,0,1
21501,IXIAMAS,mortalidad,muerte menor de 5 anos por otras causas,2020-01-01,0,0,0,0,0,0,0,1,0,0,1,0,0,0,0,0,0,0,0,0,0,0,0,0,0,0,0,0,0,0,0,0,0,0,0,0,0,0,0,0,1,1,2
21105,LA ASUNTA,mortalidad,muerte menor de 5 anos por otras causas,2020-01-01,0,0,0,0,0,0,0,0,0,0,0,1,0,0,0,0,0,0,0,0,0,0,0,0,0,0,0,0,0,0,0,0,0,0,0,0,0,0,0,0,0,1,1
20101,LA PAZ,mortalidad,muerte menor de 5 anos por otras causas,2020-01-01,7,3,0,0,1,0,0,0,1,0,0,0,0,0,0,0,0,0,0,0,0,0,0,0,0,0,0,0,0,0,0,0,0,0,0,0,0,0,0,0,9,3,12
40101,ORURO,mortalidad,muerte menor de 5 anos por otras causas,2020-01-01,3,1,0,0,0,0,0,0,0,1,0,0,0,0,0,0,0,0,0,0,0,0,0,0,0,0,0,0,0,0,0,0,0,0,0,0,0,0,0,0,3,2,5
51203,PORCO,mortalidad,muerte menor de 5 anos por otras causas,2020-01-01,0,0,0,0,0,0,0,0,0,0,1,0,0,0,0,0,0,0,0,0,0,0,0,0,0,0,0,0,0,0,0,0,0,0,0,0,0,0,0,0,1,0,1
21201,PUCARANI,mortalidad,muerte menor de 5 anos por otras causas,2020-01-01,0,0,0,1,0,0,0,0,0,0,0,0,0,0,0,0,0,0,0,0,0,0,0,0,0,0,0,0,0,0,0,0,0,0,0,0,0,0,0,0,0,1,1
80201,RIBERALTA,mortalidad,muerte menor de 5 anos por otras causas,2020-01-01,0,1,0,0,0,0,0,0,0,1,1,0,0,0,0,0,0,0,0,0,0,0,0,0,0,0,0,0,0,0,0,0,0,0,0,0,0,0,0,0,1,2,3
31001,SACABA,mortalidad,muerte menor de 5 anos por otras causas,2020-01-01,0,0,0,0,0,0,0,0,0,0,1,0,0,0,0,0,0,0,0,0,0,0,0,0,0,0,0,0,0,0,0,0,0,0,0,0,0,0,0,0,1,0,1
71302,SAIPINA,mortalidad,muerte menor de 5 anos por otras causas,2020-01-01,0,0,0,0,0,0,0,1,0,0,0,0,0,0,0,0,0,0,0,0,0,0,0,0,0,0,0,0,0,0,0,0,0,0,0,0,0,0,0,0,0,1,1
70301,SAN IGNACIO DE VELASCO,mortalidad,muerte menor de 5 anos por otras causas,2020-01-01,0,0,0,1,0,0,0,0,0,0,0,0,0,0,0,0,0,0,0,0,0,0,0,0,0,0,0,0,0,0,0,0,0,0,0,0,0,0,0,0,0,1,1
70101,SANTA CRUZ DE LA SIERRA,mortalidad,muerte menor de 5 anos por otras causas,2020-01-01,2,0,0,0,0,0,0,0,0,0,1,1,0,0,0,0,0,0,0,0,0,0,0,0,0,0,0,0,0,0,0,0,0,0,0,0,0,0,0,0,3,1,4
10101,SUCRE,mortalidad,muerte menor de 5 anos por otras causas,2020-01-01,1,1,0,0,1,1,0,0,1,0,0,1,0,0,0,0,0,0,0,0,0,0,0,0,0,0,0,0,0,0,0,0,0,0,0,0,0,0,0,0,3,3,6
50303,TACOBAMBA,mortalidad,muerte menor de 5 anos por otras causas,2020-01-01,0,0,0,0,0,0,0,0,0,0,0,1,0,0,0,0,0,0,0,0,0,0,0,0,0,0,0,0,0,0,0,0,0,0,0,0,0,0,0,0,0,1,1
60101,TARIJA,mortalidad,muerte menor de 5 anos por otras causas,2020-01-01,4,2,0,0,0,0,0,0,0,0,0,0,0,0,0,0,0,0,0,0,0,0,0,0,0,0,0,0,0,0,0,0,0,0,0,0,0,0,0,0,4,2,6
80101,TRINIDAD,mortalidad,muerte menor de 5 anos por otras causas,2020-01-01,1,0,0,0,0,0,0,0,0,2,0,0,0,0,0,0,0,0,0,0,0,0,0,0,0,0,0,0,0,0,0,0,0,0,0,0,0,0,0,0,1,2,3
51201,UYUNI,mortalidad,muerte menor de 5 anos por otras causas,2020-01-01,0,0,0,0,0,0,0,0,0,0,0,1,0,0,0,0,0,0,0,0,0,0,0,0,0,0,0,0,0,0,0,0,0,0,0,0,0,0,0,0,0,1,1
20903,YACO,mortalidad,muerte menor de 5 anos por otras causas,2020-01-01,0,0,0,0,0,0,0,0,0,0,1,0,0,0,0,0,0,0,0,0,0,0,0,0,0,0,0,0,0,0,0,0,0,0,0,0,0,0,0,0,1,0,1
70403,YAPACANI,mortalidad,muerte menor de 5 anos por otras causas,2020-01-01,0,0,0,0,0,0,0,1,0,0,0,0,0,0,0,0,0,0,0,0,0,0,0,0,0,0,0,0,0,0,0,0,0,0,0,0,0,0,0,0,0,1,1
30402,ANZALDO,mortalidad,muerte menor de 5 anos por otras causas,2020-02-01,0,0,0,0,0,0,0,0,0,0,1,0,0,0,0,0,0,0,0,0,0,0,0,0,0,0,0,0,0,0,0,0,0,0,0,0,0,0,0,0,1,0,1
20701,APOLO,mortalidad,muerte menor de 5 anos por otras causas,2020-02-01,0,0,0,1,0,0,0,0,0,0,0,0,0,0,0,0,0,0,0,0,0,0,0,0,0,0,0,0,0,0,0,0,0,0,0,0,0,0,0,0,0,1,1
30601,ARQUE,mortalidad,muerte menor de 5 anos por otras causas,2020-02-01,0,0,0,1,0,0,0,0,0,0,0,0,0,0,0,0,0,0,0,0,0,0,0,0,0,0,0,0,0,0,0,0,0,0,0,0,0,0,0,0,0,1,1
30701,CAPINOTA,mortalidad,muerte menor de 5 anos por otras causas,2020-02-01,0,0,1,0,0,0,0,0,0,0,0,0,0,0,0,0,0,0,0,0,0,0,0,0,0,0,0,0,0,0,0,0,0,0,0,0,0,0,0,0,1,0,1
30101,COCHABAMBA,mortalidad,muerte menor de 5 anos por otras causas,2020-02-01,10,10,0,0,1,0,0,0,1,0,0,0,0,0,0,0,0,0,0,0,0,0,0,0,0,0,0,0,0,0,0,0,0,0,0,0,0,0,0,0,12,10,22
50601,COTAGAITA,mortalidad,muerte menor de 5 anos por otras causas,2020-02-01,0,0,0,0,0,0,0,0,0,0,0,1,0,0,0,0,0,0,0,0,0,0,0,0,0,0,0,0,0,0,0,0,0,0,0,0,0,0,0,0,0,1,1
20105,EL ALTO,mortalidad,muerte menor de 5 anos por otras causas,2020-02-01,4,6,1,1,0,0,0,0,0,0,1,1,0,0,0,0,0,0,0,0,0,0,0,0,0,0,0,0,0,0,0,0,0,0,0,0,0,0,0,0,6,8,14
80202,GUAYARAMERIN,mortalidad,muerte menor de 5 anos por otras causas,2020-02-01,0,0,0,0,0,0,0,0,0,1,0,0,0,0,0,0,0,0,0,0,0,0,0,0,0,0,0,0,0,0,0,0,0,0,0,0,0,0,0,0,0,1,1
20806,JESUS DE MACHACA,mortalidad,muerte menor de 5 anos por otras causas,2020-02-01,0,0,0,0,0,0,0,0,0,0,0,1,0,0,0,0,0,0,0,0,0,0,0,0,0,0,0,0,0,0,0,0,0,0,0,0,0,0,0,0,0,1,1
21105,LA ASUNTA,mortalidad,muerte menor de 5 anos por otras causas,2020-02-01,0,0,1,0,0,0,0,0,0,0,0,0,0,0,0,0,0,0,0,0,0,0,0,0,0,0,0,0,0,0,0,0,0,0,0,0,0,0,0,0,1,0,1
20101,LA PAZ,mortalidad,muerte menor de 5 anos por otras causas,2020-02-01,9,1,0,0,1,0,0,0,1,1,0,0,0,0,0,0,0,0,0,0,0,0,0,0,0,0,0,0,0,0,0,0,0,0,0,0,0,0,0,0,11,2,13
40101,ORURO,mortalidad,muerte menor de 5 anos por otras causas,2020-02-01,0,0,0,0,0,0,0,0,0,1,0,0,0,0,0,0,0,0,0,0,0,0,0,0,0,0,0,0,0,0,0,0,0,0,0,0,0,0,0,0,0,1,1
70601,PORTACHUELO,mortalidad,muerte menor de 5 anos por otras causas,2020-02-01,0,0,0,0,0,0,0,0,0,1,0,0,0,0,0,0,0,0,0,0,0,0,0,0,0,0,0,0,0,0,0,0,0,0,0,0,0,0,0,0,0,1,1
21201,PUCARANI,mortalidad,muerte menor de 5 anos por otras causas,2020-02-01,0,0,1,0,0,0,0,0,0,0,0,0,0,0,0,0,0,0,0,0,0,0,0,0,0,0,0,0,0,0,0,0,0,0,0,0,0,0,0,0,1,0,1
80201,RIBERALTA,mortalidad,muerte menor de 5 anos por otras causas,2020-02-01,1,0,0,0,0,0,0,0,0,0,0,0,0,0,0,0,0,0,0,0,0,0,0,0,0,0,0,0,0,0,0,0,0,0,0,0,0,0,0,0,1,0,1
70501,SAN JOSE DE CHIQUITOS,mortalidad,muerte menor de 5 anos por otras causas,2020-02-01,0,0,1,0,0,0,0,0,0,0,0,0,0,0,0,0,0,0,0,0,0,0,0,0,0,0,0,0,0,0,0,0,0,0,0,0,0,0,0,0,1,0,1
71103,SAN RAMON SCZ,mortalidad,muerte menor de 5 anos por otras causas,2020-02-01,1,0,0,0,0,0,0,0,0,0,0,0,0,0,0,0,0,0,0,0,0,0,0,0,0,0,0,0,0,0,0,0,0,0,0,0,0,0,0,0,1,0,1
70101,SANTA CRUZ DE LA SIERRA,mortalidad,muerte menor de 5 anos por otras causas,2020-02-01,2,3,0,0,0,0,0,0,4,2,0,0,0,0,0,0,0,0,0,0,0,0,0,0,0,0,0,0,0,0,0,0,0,0,0,0,0,0,0,0,6,5,11
10101,SUCRE,mortalidad,muerte menor de 5 anos por otras causas,2020-02-01,0,0,0,1,0,0,0,0,0,0,0,0,0,0,0,0,0,0,0,0,0,0,0,0,0,0,0,0,0,0,0,0,0,0,0,0,0,0,0,0,0,1,1
60101,TARIJA,mortalidad,muerte menor de 5 anos por otras causas,2020-02-01,3,3,0,0,0,0,0,0,0,1,0,0,0,0,0,0,0,0,0,0,0,0,0,0,0,0,0,0,0,0,0,0,0,0,0,0,0,0,0,0,3,4,7
31601,TIRAQUE (CBBA),mortalidad,muerte menor de 5 anos por otras causas,2020-02-01,0,0,2,0,0,0,0,0,0,0,1,0,0,0,0,0,0,0,0,0,0,0,0,0,0,0,0,0,0,0,0,0,0,0,0,0,0,0,0,0,3,0,3
50502,TORO TORO,mortalidad,muerte menor de 5 anos por otras causas,2020-02-01,0,0,0,1,0,0,0,0,0,0,0,0,0,0,0,0,0,0,0,0,0,0,0,0,0,0,0,0,0,0,0,0,0,0,0,0,0,0,0,0,0,1,1
80101,TRINIDAD,mortalidad,muerte menor de 5 anos por otras causas,2020-02-01,0,0,0,0,0,0,0,0,1,0,0,0,0,0,0,0,0,0,0,0,0,0,0,0,0,0,0,0,0,0,0,0,0,0,0,0,0,0,0,0,1,0,1
70801,VALLEGRANDE,mortalidad,muerte menor de 5 anos por otras causas,2020-02-01,0,0,1,0,0,0,0,0,0,0,0,0,0,0,0,0,0,0,0,0,0,0,0,0,0,0,0,0,0,0,0,0,0,0,0,0,0,0,0,0,1,0,1
31003,VILLA TUNARI,mortalidad,muerte menor de 5 anos por otras causas,2020-02-01,0,0,0,0,0,0,0,0,0,1,0,0,0,0,0,0,0,0,0,0,0,0,0,0,0,0,0,0,0,0,0,0,0,0,0,0,0,0,0,0,0,1,1
30904,VINTO,mortalidad,muerte menor de 5 anos por otras causas,2020-02-01,0,1,0,0,0,0,0,0,0,0,0,0,0,0,0,0,0,0,0,0,0,0,0,0,0,0,0,0,0,0,0,0,0,0,0,0,0,0,0,0,0,1,1
60301,YACUIBA,mortalidad,muerte menor de 5 anos por otras causas,2020-02-01,1,0,1,0,0,0,0,0,0,1,1,0,0,0,0,0,0,0,0,0,0,0,0,0,0,0,0,0,0,0,0,0,0,0,0,0,0,0,0,0,3,1,4
70403,YAPACANI,mortalidad,muerte menor de 5 anos por otras causas,2020-02-01,0,0,0,0,0,0,0,0,0,0,0,1,0,0,0,0,0,0,0,0,0,0,0,0,0,0,0,0,0,0,0,0,0,0,0,0,0,0,0,0,0,1,1
50301,BETANZOS,mortalidad,muerte menor de 5 anos por otras causas,2020-03-01,0,0,0,0,0,0,0,1,0,0,0,0,0,0,0,0,0,0,0,0,0,0,0,0,0,0,0,0,0,0,0,0,0,0,0,0,0,0,0,0,0,1,1
30701,CAPINOTA,mortalidad,muerte menor de 5 anos por otras causas,2020-03-01,0,0,0,1,0,1,0,0,0,0,0,0,0,0,0,0,0,0,0,0,0,0,0,0,0,0,0,0,0,0,0,0,0,0,0,0,0,0,0,0,0,2,2
22001,CARANAVI,mortalidad,muerte menor de 5 anos por otras causas,2020-03-01,0,0,0,0,0,0,0,0,0,0,0,1,0,0,0,0,0,0,0,0,0,0,0,0,0,0,0,0,0,0,0,0,0,0,0,0,0,0,0,0,0,1,1
51103,CKOCHAS,mortalidad,muerte menor de 5 anos por otras causas,2020-03-01,0,0,0,0,0,0,0,1,0,0,0,0,0,0,0,0,0,0,0,0,0,0,0,0,0,0,0,0,0,0,0,0,0,0,0,0,0,0,0,0,0,1,1
30101,COCHABAMBA,mortalidad,muerte menor de 5 anos por otras causas,2020-03-01,6,4,0,0,0,0,1,0,3,0,0,1,0,0,0,0,0,0,0,0,0,0,0,0,0,0,0,0,0,0,0,0,0,0,0,0,0,0,0,0,10,5,15
30905,COLCAPIRHUA,mortalidad,muerte menor de 5 anos por otras causas,2020-03-01,0,0,0,1,0,0,0,0,0,0,0,0,0,0,0,0,0,0,0,0,0,0,0,0,0,0,0,0,0,0,0,0,0,0,0,0,0,0,0,0,0,1,1
70102,COTOCA,mortalidad,muerte menor de 5 anos por otras causas,2020-03-01,0,0,0,0,0,0,0,0,0,0,0,1,0,0,0,0,0,0,0,0,0,0,0,0,0,0,0,0,0,0,0,0,0,0,0,0,0,0,0,0,0,1,1
20105,EL ALTO,mortalidad,muerte menor de 5 anos por otras causas,2020-03-01,4,6,0,2,0,0,0,0,0,0,2,0,0,0,0,0,0,0,0,0,0,0,0,0,0,0,0,0,0,0,0,0,0,0,0,0,0,0,0,0,6,8,14
80202,GUAYARAMERIN,mortalidad,muerte menor de 5 anos por otras causas,2020-03-01,1,0,0,0,0,0,0,0,0,0,0,0,0,0,0,0,0,0,0,0,0,0,0,0,0,0,0,0,0,0,0,0,0,0,0,0,0,0,0,0,1,0,1
21105,LA ASUNTA,mortalidad,muerte menor de 5 anos por otras causas,2020-03-01,0,0,1,0,0,0,0,0,0,0,0,0,0,0,0,0,0,0,0,0,0,0,0,0,0,0,0,0,0,0,0,0,0,0,0,0,0,0,0,0,1,0,1
20101,LA PAZ,mortalidad,muerte menor de 5 anos por otras causas,2020-03-01,4,1,0,0,0,0,0,0,0,0,0,0,0,0,0,0,0,0,0,0,0,0,0,0,0,0,0,0,0,0,0,0,0,0,0,0,0,0,0,0,4,1,5
21202,LAJA,mortalidad,muerte menor de 5 anos por otras causas,2020-03-01,0,0,0,0,0,0,0,0,0,0,1,1,0,0,0,0,0,0,0,0,0,0,0,0,0,0,0,0,0,0,0,0,0,0,0,0,0,0,0,0,1,1,2
71001,MONTERO,mortalidad,muerte menor de 5 anos por otras causas,2020-03-01,0,0,0,0,0,0,0,0,0,0,1,0,0,0,0,0,0,0,0,0,0,0,0,0,0,0,0,0,0,0,0,0,0,0,0,0,0,0,0,0,1,0,1
40101,ORURO,mortalidad,muerte menor de 5 anos por otras causas,2020-03-01,2,0,0,0,0,0,0,0,0,0,0,0,0,0,0,0,0,0,0,0,0,0,0,0,0,0,0,0,0,0,0,0,0,0,0,0,0,0,0,0,2,0,2
70902,PAMPA GRANDE,mortalidad,muerte menor de 5 anos por otras causas,2020-03-01,0,0,0,0,0,0,1,0,0,0,0,0,0,0,0,0,0,0,0,0,0,0,0,0,0,0,0,0,0,0,0,0,0,0,0,0,0,0,0,0,1,0,1
50101,POTOSI,mortalidad,muerte menor de 5 anos por otras causas,2020-03-01,0,1,0,0,0,0,0,0,0,0,0,0,0,0,0,0,0,0,0,0,0,0,0,0,0,0,0,0,0,0,0,0,0,0,0,0,0,0,0,0,0,1,1
31205,PUERTO VILLARROEL,mortalidad,muerte menor de 5 anos por otras causas,2020-03-01,0,1,0,0,0,0,0,0,0,0,1,1,0,0,0,0,0,0,0,0,0,0,0,0,0,0,0,0,0,0,0,0,0,0,0,0,0,0,0,0,1,2,3
31401,PUNATA,mortalidad,muerte menor de 5 anos por otras causas,2020-03-01,0,1,0,0,0,0,0,0,0,0,0,0,0,0,0,0,0,0,0,0,0,0,0,0,0,0,0,0,0,0,0,0,0,0,0,0,0,0,0,0,0,1,1
70503,ROBORE,mortalidad,muerte menor de 5 anos por otras causas,2020-03-01,0,0,1,0,0,0,0,0,0,0,0,0,0,0,0,0,0,0,0,0,0,0,0,0,0,0,0,0,0,0,0,0,0,0,0,0,0,0,0,0,1,0,1
70101,SANTA CRUZ DE LA SIERRA,mortalidad,muerte menor de 5 anos por otras causas,2020-03-01,1,1,0,0,1,0,0,0,6,1,1,0,0,0,0,0,0,0,0,0,0,0,0,0,0,0,0,0,0,0,0,0,0,0,0,0,0,0,0,0,9,2,11
10101,SUCRE,mortalidad,muerte menor de 5 anos por otras causas,2020-03-01,1,0,0,0,0,0,0,0,1,1,1,1,0,0,0,0,0,0,0,0,0,0,0,0,0,0,0,0,0,0,0,0,0,0,0,0,0,0,0,0,3,2,5
10601,TARABUCO,mortalidad,muerte menor de 5 anos por otras causas,2020-03-01,0,0,0,0,0,0,0,0,0,0,1,0,0,0,0,0,0,0,0,0,0,0,0,0,0,0,0,0,0,0,0,0,0,0,0,0,0,0,0,0,1,0,1
60101,TARIJA,mortalidad,muerte menor de 5 anos por otras causas,2020-03-01,1,3,0,0,0,0,0,0,0,0,0,0,0,0,0,0,0,0,0,0,0,0,0,0,0,0,0,0,0,0,0,0,0,0,0,0,0,0,0,0,1,3,4
80101,TRINIDAD,mortalidad,muerte menor de 5 anos por otras causas,2020-03-01,0,0,0,0,0,0,0,0,1,0,0,0,0,0,0,0,0,0,0,0,0,0,0,0,0,0,0,0,0,0,0,0,0,0,0,0,0,0,0,0,1,0,1
31402,VILLA RIVERO,mortalidad,muerte menor de 5 anos por otras causas,2020-03-01,0,0,0,0,0,0,0,1,0,0,0,0,0,0,0,0,0,0,0,0,0,0,0,0,0,0,0,0,0,0,0,0,0,0,0,0,0,0,0,0,0,1,1
51501,VILLAZON,mortalidad,muerte menor de 5 anos por otras causas,2020-03-01,0,0,0,0,0,0,0,0,1,0,0,0,0,0,0,0,0,0,0,0,0,0,0,0,0,0,0,0,0,0,0,0,0,0,0,0,0,0,0,0,1,0,1
50802,ATOCHA,mortalidad,muerte menor de 5 anos por otras causas,2020-04-01,0,0,0,0,0,0,0,0,0,0,0,1,0,0,0,0,0,0,0,0,0,0,0,0,0,0,0,0,0,0,0,0,0,0,0,0,0,0,0,0,0,1,1
30301,AYOPAYA (V. DE INDEPENDENCIA),mortalidad,muerte menor de 5 anos por otras causas,2020-04-01,0,0,0,0,0,0,0,0,0,0,0,1,0,0,0,0,0,0,0,0,0,0,0,0,0,0,0,0,0,0,0,0,0,0,0,0,0,0,0,0,0,1,1
51103,CKOCHAS,mortalidad,muerte menor de 5 anos por otras causas,2020-04-01,0,0,0,0,0,0,1,0,0,0,0,1,0,0,0,0,0,0,0,0,0,0,0,0,0,0,0,0,0,0,0,0,0,0,0,0,0,0,0,0,1,1,2
90101,COBIJA,mortalidad,muerte menor de 5 anos por otras causas,2020-04-01,1,0,0,0,0,0,0,0,0,0,1,0,0,0,0,0,0,0,0,0,0,0,0,0,0,0,0,0,0,0,0,0,0,0,0,0,0,0,0,0,2,0,2
30101,COCHABAMBA,mortalidad,muerte menor de 5 anos por otras causas,2020-04-01,8,7,0,0,1,0,0,0,0,1,0,0,0,0,0,0,0,0,0,0,0,0,0,0,0,0,0,0,0,0,0,0,0,0,0,0,0,0,0,0,9,8,17
70102,COTOCA,mortalidad,muerte menor de 5 anos por otras causas,2020-04-01,0,0,0,0,0,0,0,0,0,0,1,0,0,0,0,0,0,0,0,0,0,0,0,0,0,0,0,0,0,0,0,0,0,0,0,0,0,0,0,0,1,0,1
20105,EL ALTO,mortalidad,muerte menor de 5 anos por otras causas,2020-04-01,16,9,0,2,0,0,1,0,0,0,0,1,0,0,0,0,0,0,0,0,0,0,0,0,0,0,0,0,0,0,0,0,0,0,0,0,0,0,0,0,17,12,29
80202,GUAYARAMERIN,mortalidad,muerte menor de 5 anos por otras causas,2020-04-01,1,0,0,0,0,0,0,0,0,0,0,0,0,0,0,0,0,0,0,0,0,0,0,0,0,0,0,0,0,0,0,0,0,0,0,0,0,0,0,0,1,0,1
10703,INCAHUASI,mortalidad,muerte menor de 5 anos por otras causas,2020-04-01,0,0,1,0,0,0,0,0,0,0,0,0,0,0,0,0,0,0,0,0,0,0,0,0,0,0,0,0,0,0,0,0,0,0,0,0,0,0,0,0,1,0,1
20101,LA PAZ,mortalidad,muerte menor de 5 anos por otras causas,2020-04-01,4,1,0,0,1,0,0,0,2,0,0,0,0,0,0,0,0,0,0,0,0,0,0,0,0,0,0,0,0,0,0,0,0,0,0,0,0,0,0,0,7,1,8
21202,LAJA,mortalidad,muerte menor de 5 anos por otras causas,2020-04-01,0,0,0,0,0,0,0,0,0,0,1,0,0,0,0,0,0,0,0,0,0,0,0,0,0,0,0,0,0,0,0,0,0,0,0,0,0,0,0,0,1,0,1
40101,ORURO,mortalidad,muerte menor de 5 anos por otras causas,2020-04-01,0,0,0,0,0,0,0,0,0,0,1,0,0,0,0,0,0,0,0,0,0,0,0,0,0,0,0,0,0,0,0,0,0,0,0,0,0,0,0,0,1,0,1
10401,PADILLA,mortalidad,muerte menor de 5 anos por otras causas,2020-04-01,0,0,0,0,0,0,0,0,0,0,0,1,0,0,0,0,0,0,0,0,0,0,0,0,0,0,0,0,0,0,0,0,0,0,0,0,0,0,0,0,0,1,1
31202,POJO (CBBA),mortalidad,muerte menor de 5 anos por otras causas,2020-04-01,0,0,0,0,0,0,0,0,0,0,1,0,0,0,0,0,0,0,0,0,0,0,0,0,0,0,0,0,0,0,0,0,0,0,0,0,0,0,0,0,1,0,1
50101,POTOSI,mortalidad,muerte menor de 5 anos por otras causas,2020-04-01,1,0,0,0,0,0,0,0,0,1,0,0,0,0,0,0,0,0,0,0,0,0,0,0,0,0,0,0,0,0,0,0,0,0,0,0,0,0,0,0,1,1,2
31205,PUERTO VILLARROEL,mortalidad,muerte menor de 5 anos por otras causas,2020-04-01,0,0,0,0,0,0,0,1,0,0,0,0,0,0,0,0,0,0,0,0,0,0,0,0,0,0,0,0,0,0,0,0,0,0,0,0,0,0,0,0,0,1,1
50402,RAVELO,mortalidad,muerte menor de 5 anos por otras causas,2020-04-01,0,0,0,1,0,0,0,0,0,0,0,0,0,0,0,0,0,0,0,0,0,0,0,0,0,0,0,0,0,0,0,0,0,0,0,0,0,0,0,0,0,1,1
80201,RIBERALTA,mortalidad,muerte menor de 5 anos por otras causas,2020-04-01,0,0,0,0,1,1,0,0,1,0,0,1,0,0,0,0,0,0,0,0,0,0,0,0,0,0,0,0,0,0,0,0,0,0,0,0,0,0,0,0,2,2,4
80304,RURRENABAQUE,mortalidad,muerte menor de 5 anos por otras causas,2020-04-01,1,0,0,0,0,0,0,0,0,0,0,0,0,0,0,0,0,0,0,0,0,0,0,0,0,0,0,0,0,0,0,0,0,0,0,0,0,0,0,0,1,0,1
40801,SALINAS DE GARCI MENDOZA,mortalidad,muerte menor de 5 anos por otras causas,2020-04-01,1,0,0,0,0,0,0,0,0,0,0,0,0,0,0,0,0,0,0,0,0,0,0,0,0,0,0,0,0,0,0,0,0,0,0,0,0,0,0,0,1,0,1
80302,SAN BORJA,mortalidad,muerte menor de 5 anos por otras causas,2020-04-01,0,0,0,0,0,0,0,0,1,0,0,0,0,0,0,0,0,0,0,0,0,0,0,0,0,0,0,0,0,0,0,0,0,0,0,0,0,0,0,0,1,0,1
70301,SAN IGNACIO DE VELASCO,mortalidad,muerte menor de 5 anos por otras causas,2020-04-01,0,0,0,0,0,1,0,0,0,0,0,0,0,0,0,0,0,0,0,0,0,0,0,0,0,0,0,0,0,0,0,0,0,0,0,0,0,0,0,0,0,1,1
70101,SANTA CRUZ DE LA SIERRA,mortalidad,muerte menor de 5 anos por otras causas,2020-04-01,4,1,0,0,0,0,0,1,1,2,0,0,0,0,0,0,0,0,0,0,0,0,0,0,0,0,0,0,0,0,0,0,0,0,0,0,0,0,0,0,5,4,9
20601,SORATA,mortalidad,muerte menor de 5 anos por otras causas,2020-04-01,0,0,0,0,0,0,0,0,0,0,1,0,0,0,0,0,0,0,0,0,0,0,0,0,0,0,0,0,0,0,0,0,0,0,0,0,0,0,0,0,1,0,1
10101,SUCRE,mortalidad,muerte menor de 5 anos por otras causas,2020-04-01,0,0,0,0,1,0,0,0,0,0,0,0,0,0,0,0,0,0,0,0,0,0,0,0,0,0,0,0,0,0,0,0,0,0,0,0,0,0,0,0,1,0,1
10601,TARABUCO,mortalidad,muerte menor de 5 anos por otras causas,2020-04-01,0,0,1,0,0,0,0,0,0,0,0,0,0,0,0,0,0,0,0,0,0,0,0,0,0,0,0,0,0,0,0,0,0,0,0,0,0,0,0,0,1,0,1
60101,TARIJA,mortalidad,muerte menor de 5 anos por otras causas,2020-04-01,5,1,0,0,0,0,0,0,0,1,0,0,0,0,0,0,0,0,0,0,0,0,0,0,0,0,0,0,0,0,0,0,0,0,0,0,0,0,0,0,5,2,7
10602,YAMPARAEZ,mortalidad,muerte menor de 5 anos por otras causas,2020-04-01,0,0,0,0,0,0,0,0,0,0,0,1,0,0,0,0,0,0,0,0,0,0,0,0,0,0,0,0,0,0,0,0,0,0,0,0,0,0,0,0,0,1,1
30303,COCAPATA,mortalidad,muerte menor de 5 anos por otras causas,2020-05-01,0,0,0,0,0,0,0,0,0,0,1,0,0,0,0,0,0,0,0,0,0,0,0,0,0,0,0,0,0,0,0,0,0,0,0,0,0,0,0,0,1,0,1
30101,COCHABAMBA,mortalidad,muerte menor de 5 anos por otras causas,2020-05-01,2,0,0,0,1,1,0,0,1,0,0,0,0,0,0,0,0,0,0,0,0,0,0,0,0,0,0,0,0,0,0,0,0,0,0,0,0,0,0,0,4,1,5
70102,COTOCA,mortalidad,muerte menor de 5 anos por otras causas,2020-05-01,0,0,1,0,0,0,0,0,0,0,0,0,0,0,0,0,0,0,0,0,0,0,0,0,0,0,0,0,0,0,0,0,0,0,0,0,0,0,0,0,1,0,1
20105,EL ALTO,mortalidad,muerte menor de 5 anos por otras causas,2020-05-01,13,7,2,0,0,0,1,0,1,0,0,0,0,0,0,0,0,0,0,0,0,0,0,0,0,0,0,0,0,0,0,0,0,0,0,0,0,0,0,0,17,7,24
70105,EL TORNO,mortalidad,muerte menor de 5 anos por otras causas,2020-05-01,0,0,0,0,0,0,0,0,1,0,0,0,0,0,0,0,0,0,0,0,0,0,0,0,0,0,0,0,0,0,0,0,0,0,0,0,0,0,0,0,1,0,1
60601,ENTRE RIOS TRJ,mortalidad,muerte menor de 5 anos por otras causas,2020-05-01,0,0,1,0,0,0,0,0,0,0,0,0,0,0,0,0,0,0,0,0,0,0,0,0,0,0,0,0,0,0,0,0,0,0,0,0,0,0,0,0,1,0,1
40701,HUANUNI,mortalidad,muerte menor de 5 anos por otras causas,2020-05-01,0,0,0,0,0,0,0,0,0,0,0,1,0,0,0,0,0,0,0,0,0,0,0,0,0,0,0,0,0,0,0,0,0,0,0,0,0,0,0,0,0,1,1
20101,LA PAZ,mortalidad,muerte menor de 5 anos por otras causas,2020-05-01,4,0,0,0,0,0,0,0,0,0,0,0,0,0,0,0,0,0,0,0,0,0,0,0,0,0,0,0,0,0,0,0,0,0,0,0,0,0,0,0,4,0,4
20402,MOCOMOCO,mortalidad,muerte menor de 5 anos por otras causas,2020-05-01,0,0,0,0,0,0,0,0,0,0,1,0,0,0,0,0,0,0,0,0,0,0,0,0,0,0,0,0,0,0,0,0,0,0,0,0,0,0,0,0,1,0,1
30302,MOROCHATA,mortalidad,muerte menor de 5 anos por otras causas,2020-05-01,0,0,1,0,0,0,0,0,0,0,0,0,0,0,0,0,0,0,0,0,0,0,0,0,0,0,0,0,0,0,0,0,0,0,0,0,0,0,0,0,1,0,1
40101,ORURO,mortalidad,muerte menor de 5 anos por otras causas,2020-05-01,1,0,0,0,0,0,0,0,0,0,0,0,0,0,0,0,0,0,0,0,0,0,0,0,0,0,0,0,0,0,0,0,0,0,0,0,0,0,0,0,1,0,1
70502,PAILON,mortalidad,muerte menor de 5 anos por otras causas,2020-05-01,0,0,0,0,0,0,0,0,0,0,0,1,0,0,0,0,0,0,0,0,0,0,0,0,0,0,0,0,0,0,0,0,0,0,0,0,0,0,0,0,0,1,1
21104,PALOS BLANCOS,mortalidad,muerte menor de 5 anos por otras causas,2020-05-01,0,0,1,1,0,0,0,0,0,0,0,0,0,0,0,0,0,0,0,0,0,0,0,0,0,0,0,0,0,0,0,0,0,0,0,0,0,0,0,0,1,1,2
50101,POTOSI,mortalidad,muerte menor de 5 anos por otras causas,2020-05-01,0,0,0,0,0,0,0,0,1,0,0,0,0,0,0,0,0,0,0,0,0,0,0,0,0,0,0,0,0,0,0,0,0,0,0,0,0,0,0,0,1,0,1
21201,PUCARANI,mortalidad,muerte menor de 5 anos por otras causas,2020-05-01,0,0,0,0,0,0,0,1,0,0,0,0,0,0,0,0,0,0,0,0,0,0,0,0,0,0,0,0,0,0,0,0,0,0,0,0,0,0,0,0,0,1,1
90201,PUERTO RICO,mortalidad,muerte menor de 5 anos por otras causas,2020-05-01,0,0,0,0,0,0,0,0,0,0,1,0,0,0,0,0,0,0,0,0,0,0,0,0,0,0,0,0,0,0,0,0,0,0,0,0,0,0,0,0,1,0,1
80201,RIBERALTA,mortalidad,muerte menor de 5 anos por otras causas,2020-05-01,0,1,0,0,0,0,0,0,0,0,0,0,0,0,0,0,0,0,0,0,0,0,0,0,0,0,0,0,0,0,0,0,0,0,0,0,0,0,0,0,0,1,1
70503,ROBORE,mortalidad,muerte menor de 5 anos por otras causas,2020-05-01,0,1,0,0,0,0,0,0,0,0,0,0,0,0,0,0,0,0,0,0,0,0,0,0,0,0,0,0,0,0,0,0,0,0,0,0,0,0,0,0,0,1,1
21502,SAN BUENA VENTURA,mortalidad,muerte menor de 5 anos por otras causas,2020-05-01,0,0,0,0,0,0,0,0,0,1,0,0,0,0,0,0,0,0,0,0,0,0,0,0,0,0,0,0,0,0,0,0,0,0,0,0,0,0,0,0,0,1,1
51001,SAN PABLO DE LIPEZ,mortalidad,muerte menor de 5 anos por otras causas,2020-05-01,0,0,0,0,0,0,0,0,0,0,1,0,0,0,0,0,0,0,0,0,0,0,0,0,0,0,0,0,0,0,0,0,0,0,0,0,0,0,0,0,1,0,1
70101,SANTA CRUZ DE LA SIERRA,mortalidad,muerte menor de 5 anos por otras causas,2020-05-01,0,1,0,0,0,0,0,0,0,0,0,0,0,0,0,0,0,0,0,0,0,0,0,0,0,0,0,0,0,0,0,0,0,0,0,0,0,0,0,0,0,1,1
10101,SUCRE,mortalidad,muerte menor de 5 anos por otras causas,2020-05-01,0,1,0,0,0,0,0,0,2,0,0,0,0,0,0,0,0,0,0,0,0,0,0,0,0,0,0,0,0,0,0,0,0,0,0,0,0,0,0,0,2,1,3
60101,TARIJA,mortalidad,muerte menor de 5 anos por otras causas,2020-05-01,1,2,0,0,0,0,0,0,0,0,0,0,0,0,0,0,0,0,0,0,0,0,0,0,0,0,0,0,0,0,0,0,0,0,0,0,0,0,0,0,1,2,3
80101,TRINIDAD,mortalidad,muerte menor de 5 anos por otras causas,2020-05-01,1,0,0,0,0,0,0,0,0,0,0,0,0,0,0,0,0,0,0,0,0,0,0,0,0,0,0,0,0,0,0,0,0,0,0,0,0,0,0,0,1,0,1
51501,VILLAZON,mortalidad,muerte menor de 5 anos por otras causas,2020-05-01,1,0,0,0,0,0,0,0,0,0,0,0,0,0,0,0,0,0,0,0,0,0,0,0,0,0,0,0,0,0,0,0,0,0,0,0,0,0,0,0,1,0,1
60301,YACUIBA,mortalidad,muerte menor de 5 anos por otras causas,2020-05-01,0,0,0,0,0,0,0,0,1,0,0,0,0,0,0,0,0,0,0,0,0,0,0,0,0,0,0,0,0,0,0,0,0,0,0,0,0,0,0,0,1,0,1
22001,CARANAVI,mortalidad,muerte menor de 5 anos por otras causas,2020-06-01,0,0,0,1,0,0,0,0,0,0,0,0,0,0,0,0,0,0,0,0,0,0,0,0,0,0,0,0,0,0,0,0,0,0,0,0,0,0,0,0,0,1,1
21101,CHULUMANI (V. DE LA LIBERTAD),mortalidad,muerte menor de 5 anos por otras causas,2020-06-01,0,0,0,0,0,0,0,0,0,0,1,1,0,0,0,0,0,0,0,0,0,0,0,0,0,0,0,0,0,0,0,0,0,0,0,0,0,0,0,0,1,1,2
90101,COBIJA,mortalidad,muerte menor de 5 anos por otras causas,2020-06-01,0,1,0,0,0,0,0,0,0,0,0,0,0,0,0,0,0,0,0,0,0,0,0,0,0,0,0,0,0,0,0,0,0,0,0,0,0,0,0,0,0,1,1
30101,COCHABAMBA,mortalidad,muerte menor de 5 anos por otras causas,2020-06-01,3,0,0,0,0,0,0,0,0,0,0,0,0,0,0,0,0,0,0,0,0,0,0,0,0,0,0,0,0,0,0,0,0,0,0,0,0,0,0,0,3,0,3
21306,COLQUENCHA,mortalidad,muerte menor de 5 anos por otras causas,2020-06-01,0,0,0,0,0,0,0,0,0,0,0,1,0,0,0,0,0,0,0,0,0,0,0,0,0,0,0,0,0,0,0,0,0,0,0,0,0,0,0,0,0,1,1
71101,CONCEPCION,mortalidad,muerte menor de 5 anos por otras causas,2020-06-01,0,0,0,0,0,0,1,0,0,0,0,0,0,0,0,0,0,0,0,0,0,0,0,0,0,0,0,0,0,0,0,0,0,0,0,0,0,0,0,0,1,0,1
20301,CORO CORO,mortalidad,muerte menor de 5 anos por otras causas,2020-06-01,0,0,0,0,0,0,0,0,0,0,0,1,0,0,0,0,0,0,0,0,0,0,0,0,0,0,0,0,0,0,0,0,0,0,0,0,0,0,0,0,0,1,1
21401,COROICO,mortalidad,muerte menor de 5 anos por otras causas,2020-06-01,0,0,0,0,0,0,0,0,0,0,0,1,0,0,0,0,0,0,0,0,0,0,0,0,0,0,0,0,0,0,0,0,0,0,0,0,0,0,0,0,0,1,1
70102,COTOCA,mortalidad,muerte menor de 5 anos por otras causas,2020-06-01,0,0,0,0,0,0,1,0,0,0,0,0,0,0,0,0,0,0,0,0,0,0,0,0,0,0,0,0,0,0,0,0,0,0,0,0,0,0,0,0,1,0,1
20105,EL ALTO,mortalidad,muerte menor de 5 anos por otras causas,2020-06-01,26,4,0,0,1,0,0,0,0,0,1,0,0,0,0,0,0,0,0,0,0,0,0,0,0,0,0,0,0,0,0,0,0,0,0,0,0,0,0,0,28,4,32
31206,ENTRE RIOS CBBA,mortalidad,muerte menor de 5 anos por otras causas,2020-06-01,0,0,0,0,0,0,0,0,0,0,1,0,0,0,0,0,0,0,0,0,0,0,0,0,0,0,0,0,0,0,0,0,0,0,0,0,0,0,0,0,1,0,1
20405,ESCOMA,mortalidad,muerte menor de 5 anos por otras causas,2020-06-01,0,0,0,0,0,0,0,0,0,0,0,1,0,0,0,0,0,0,0,0,0,0,0,0,0,0,0,0,0,0,0,0,0,0,0,0,0,0,0,0,0,1,1
20101,LA PAZ,mortalidad,muerte menor de 5 anos por otras causas,2020-06-01,1,1,0,0,0,1,0,0,1,0,0,0,0,0,0,0,0,0,0,0,0,0,0,0,0,0,0,0,0,0,0,0,0,0,0,0,0,0,0,0,2,2,4
31301,MIZQUE,mortalidad,muerte menor de 5 anos por otras causas,2020-06-01,0,0,0,1,0,0,0,0,0,0,0,0,0,0,0,0,0,0,0,0,0,0,0,0,0,0,0,0,0,0,0,0,0,0,0,0,0,0,0,0,0,1,1
20307,NAZACARA DE PACAJES,mortalidad,muerte menor de 5 anos por otras causas,2020-06-01,0,0,1,0,0,0,0,0,0,0,0,0,0,0,0,0,0,0,0,0,0,0,0,0,0,0,0,0,0,0,0,0,0,0,0,0,0,0,0,0,1,0,1
40101,ORURO,mortalidad,muerte menor de 5 anos por otras causas,2020-06-01,0,0,0,0,0,0,0,0,2,0,0,0,0,0,0,0,0,0,0,0,0,0,0,0,0,0,0,0,0,0,0,0,0,0,0,0,0,0,0,0,2,0,2
50403,POCOATA,mortalidad,muerte menor de 5 anos por otras causas,2020-06-01,0,0,1,0,0,0,0,0,0,0,0,0,0,0,0,0,0,0,0,0,0,0,0,0,0,0,0,0,0,0,0,0,0,0,0,0,0,0,0,0,1,0,1
50101,POTOSI,mortalidad,muerte menor de 5 anos por otras causas,2020-06-01,0,0,0,0,1,0,0,0,1,1,0,0,0,0,0,0,0,0,0,0,0,0,0,0,0,0,0,0,0,0,0,0,0,0,0,0,0,0,0,0,2,1,3
71401,PUERTO SUAREZ,mortalidad,muerte menor de 5 anos por otras causas,2020-06-01,0,0,0,0,0,0,0,0,0,1,0,2,0,0,0,0,0,0,0,0,0,0,0,0,0,0,0,0,0,0,0,0,0,0,0,0,0,0,0,0,0,3,3
51101,PUNA,mortalidad,muerte menor de 5 anos por otras causas,2020-06-01,0,0,0,1,0,0,0,0,0,0,0,0,0,0,0,0,0,0,0,0,0,0,0,0,0,0,0,0,0,0,0,0,0,0,0,0,0,0,0,0,0,1,1
70503,ROBORE,mortalidad,muerte menor de 5 anos por otras causas,2020-06-01,0,0,0,0,0,0,0,0,0,0,0,1,0,0,0,0,0,0,0,0,0,0,0,0,0,0,0,0,0,0,0,0,0,0,0,0,0,0,0,0,0,1,1
80304,RURRENABAQUE,mortalidad,muerte menor de 5 anos por otras causas,2020-06-01,0,0,1,0,0,0,0,0,0,0,0,0,0,0,0,0,0,0,0,0,0,0,0,0,0,0,0,0,0,0,0,0,0,0,0,0,0,0,0,0,1,0,1
31001,SACABA,mortalidad,muerte menor de 5 anos por otras causas,2020-06-01,0,0,0,0,0,0,0,0,1,0,0,0,0,0,0,0,0,0,0,0,0,0,0,0,0,0,0,0,0,0,0,0,0,0,0,0,0,0,0,0,1,0,1
71005,SAN PEDRO,mortalidad,muerte menor de 5 anos por otras causas,2020-06-01,0,0,0,0,0,0,0,0,0,0,2,0,0,0,0,0,0,0,0,0,0,0,0,0,0,0,0,0,0,0,0,0,0,0,0,0,0,0,0,0,2,0,2
70101,SANTA CRUZ DE LA SIERRA,mortalidad,muerte menor de 5 anos por otras causas,2020-06-01,0,1,0,0,0,0,0,0,1,1,0,0,0,0,0,0,0,0,0,0,0,0,0,0,0,0,0,0,0,0,0,0,0,0,0,0,0,0,0,0,1,2,3
10101,SUCRE,mortalidad,muerte menor de 5 anos por otras causas,2020-06-01,0,1,0,0,1,0,0,0,1,0,0,0,0,0,0,0,0,0,0,0,0,0,0,0,0,0,0,0,0,0,0,0,0,0,0,0,0,0,0,0,2,1,3
10601,TARABUCO,mortalidad,muerte menor de 5 anos por otras causas,2020-06-01,0,0,0,0,0,0,0,0,0,0,0,1,0,0,0,0,0,0,0,0,0,0,0,0,0,0,0,0,0,0,0,0,0,0,0,0,0,0,0,0,0,1,1
60101,TARIJA,mortalidad,muerte menor de 5 anos por otras causas,2020-06-01,2,0,0,0,0,0,0,0,1,1,0,0,0,0,0,0,0,0,0,0,0,0,0,0,0,0,0,0,0,0,0,0,0,0,0,0,0,0,0,0,3,1,4
31601,TIRAQUE (CBBA),mortalidad,muerte menor de 5 anos por otras causas,2020-06-01,0,0,1,0,0,0,0,0,0,0,0,0,0,0,0,0,0,0,0,0,0,0,0,0,0,0,0,0,0,0,0,0,0,0,0,0,0,0,0,0,1,0,1
31201,TOTORA(CBBA),mortalidad,muerte menor de 5 anos por otras causas,2020-06-01,0,0,0,0,0,0,0,1,0,0,0,0,0,0,0,0,0,0,0,0,0,0,0,0,0,0,0,0,0,0,0,0,0,0,0,0,0,0,0,0,0,1,1
80101,TRINIDAD,mortalidad,muerte menor de 5 anos por otras causas,2020-06-01,0,1,0,0,0,0,0,0,0,0,0,0,0,0,0,0,0,0,0,0,0,0,0,0,0,0,0,0,0,0,0,0,0,0,0,0,0,0,0,0,0,1,1
20801,VIACHA,mortalidad,muerte menor de 5 anos por otras causas,2020-06-01,0,0,0,0,0,0,0,0,0,0,0,1,0,0,0,0,0,0,0,0,0,0,0,0,0,0,0,0,0,0,0,0,0,0,0,0,0,0,0,0,0,1,1
10602,YAMPARAEZ,mortalidad,muerte menor de 5 anos por otras causas,2020-06-01,0,0,0,0,0,0,0,0,0,0,1,0,0,0,0,0,0,0,0,0,0,0,0,0,0,0,0,0,0,0,0,0,0,0,0,0,0,0,0,0,1,0,1
71501,ASCENCION DE GUARAYOS,mortalidad,muerte menor de 5 anos por otras causas,2020-07-01,0,0,0,0,0,0,0,0,0,1,0,0,0,0,0,0,0,0,0,0,0,0,0,0,0,0,0,0,0,0,0,0,0,0,0,0,0,0,0,0,0,1,1
30301,AYOPAYA (V. DE INDEPENDENCIA),mortalidad,muerte menor de 5 anos por otras causas,2020-07-01,0,0,0,1,0,0,0,0,0,0,0,0,0,0,0,0,0,0,0,0,0,0,0,0,0,0,0,0,0,0,0,0,0,0,0,0,0,0,0,0,0,1,1
50301,BETANZOS,mortalidad,muerte menor de 5 anos por otras causas,2020-07-01,0,0,0,1,0,0,0,0,0,0,0,0,0,0,0,0,0,0,0,0,0,0,0,0,0,0,0,0,0,0,0,0,0,0,0,0,0,0,0,0,0,1,1
70703,CABEZAS,mortalidad,muerte menor de 5 anos por otras causas,2020-07-01,1,0,0,0,0,0,0,0,0,0,0,0,0,0,0,0,0,0,0,0,0,0,0,0,0,0,0,0,0,0,0,0,0,0,0,0,0,0,0,0,1,0,1
70706,CAMIRI,mortalidad,muerte menor de 5 anos por otras causas,2020-07-01,0,0,0,1,0,0,0,0,0,0,0,0,0,0,0,0,0,0,0,0,0,0,0,0,0,0,0,0,0,0,0,0,0,0,0,0,0,0,0,0,0,1,1
40102,CARACOLLO,mortalidad,muerte menor de 5 anos por otras causas,2020-07-01,0,0,0,0,0,0,0,0,0,0,1,0,0,0,0,0,0,0,0,0,0,0,0,0,0,0,0,0,0,0,0,0,0,0,0,0,0,0,0,0,1,0,1
22001,CARANAVI,mortalidad,muerte menor de 5 anos por otras causas,2020-07-01,0,0,0,0,0,0,1,0,0,0,0,0,0,0,0,0,0,0,0,0,0,0,0,0,0,0,0,0,0,0,0,0,0,0,0,0,0,0,0,0,1,0,1
50202,CHAYANTA,mortalidad,muerte menor de 5 anos por otras causas,2020-07-01,0,0,0,0,0,0,0,1,0,0,0,0,0,0,0,0,0,0,0,0,0,0,0,0,0,0,0,0,0,0,0,0,0,0,0,0,0,0,0,0,0,1,1
51103,CKOCHAS,mortalidad,muerte menor de 5 anos por otras causas,2020-07-01,0,0,0,1,0,0,0,0,0,0,0,0,0,0,0,0,0,0,0,0,0,0,0,0,0,0,0,0,0,0,0,0,0,0,0,0,0,0,0,0,0,1,1
90101,COBIJA,mortalidad,muerte menor de 5 anos por otras causas,2020-07-01,0,0,1,0,0,0,0,0,0,0,0,0,0,0,0,0,0,0,0,0,0,0,0,0,0,0,0,0,0,0,0,0,0,0,0,0,0,0,0,0,1,0,1
30101,COCHABAMBA,mortalidad,muerte menor de 5 anos por otras causas,2020-07-01,1,1,1,0,0,0,0,0,2,1,0,0,0,0,0,0,0,0,0,0,0,0,0,0,0,0,0,0,0,0,0,0,0,0,0,0,0,0,0,0,4,2,6
50401,COLQUECHACA,mortalidad,muerte menor de 5 anos por otras causas,2020-07-01,0,0,0,0,0,0,0,0,0,0,1,0,0,0,0,0,0,0,0,0,0,0,0,0,0,0,0,0,0,0,0,0,0,0,0,0,0,0,0,0,1,0,1
21402,CORIPATA,mortalidad,muerte menor de 5 anos por otras causas,2020-07-01,0,0,0,0,0,0,0,1,0,0,0,0,0,0,0,0,0,0,0,0,0,0,0,0,0,0,0,0,0,0,0,0,0,0,0,0,0,0,0,0,0,1,1
20301,CORO CORO,mortalidad,muerte menor de 5 anos por otras causas,2020-07-01,0,0,0,0,0,0,0,0,0,0,1,0,0,0,0,0,0,0,0,0,0,0,0,0,0,0,0,0,0,0,0,0,0,0,0,0,0,0,0,0,1,0,1
70102,COTOCA,mortalidad,muerte menor de 5 anos por otras causas,2020-07-01,0,0,0,1,0,0,0,0,0,0,0,0,0,0,0,0,0,0,0,0,0,0,0,0,0,0,0,0,0,0,0,0,0,0,0,0,0,0,0,0,0,1,1
20105,EL ALTO,mortalidad,muerte menor de 5 anos por otras causas,2020-07-01,9,7,1,2,0,0,0,1,1,0,0,2,0,0,0,0,0,0,0,0,0,0,0,0,0,0,0,0,0,0,0,0,0,0,0,0,0,0,0,0,11,12,23
70105,EL TORNO,mortalidad,muerte menor de 5 anos por otras causas,2020-07-01,0,0,0,0,0,0,0,0,0,0,0,1,0,0,0,0,0,0,0,0,0,0,0,0,0,0,0,0,0,0,0,0,0,0,0,0,0,0,0,0,0,1,1
21601,GRAL. J.J. PEREZ (CHARAZANI),mortalidad,muerte menor de 5 anos por otras causas,2020-07-01,0,0,0,0,0,0,0,0,0,0,0,1,0,0,0,0,0,0,0,0,0,0,0,0,0,0,0,0,0,0,0,0,0,0,0,0,0,0,0,0,0,1,1
80202,GUAYARAMERIN,mortalidad,muerte menor de 5 anos por otras causas,2020-07-01,0,1,0,0,0,0,0,0,0,1,0,0,0,0,0,0,0,0,0,0,0,0,0,0,0,0,0,0,0,0,0,0,0,0,0,0,0,0,0,0,0,2,2
20101,LA PAZ,mortalidad,muerte menor de 5 anos por otras causas,2020-07-01,2,1,1,1,1,0,0,0,1,0,0,0,0,0,0,0,0,0,0,0,0,0,0,0,0,0,0,0,0,0,0,0,0,0,0,0,0,0,0,0,5,2,7
70903,MAIRANA,mortalidad,muerte menor de 5 anos por otras causas,2020-07-01,0,0,0,1,0,0,0,0,0,0,0,0,0,0,0,0,0,0,0,0,0,0,0,0,0,0,0,0,0,0,0,0,0,0,0,0,0,0,0,0,0,1,1
31301,MIZQUE,mortalidad,muerte menor de 5 anos por otras causas,2020-07-01,0,0,0,0,0,0,0,0,0,0,0,1,0,0,0,0,0,0,0,0,0,0,0,0,0,0,0,0,0,0,0,0,0,0,0,0,0,0,0,0,0,1,1
50101,POTOSI,mortalidad,muerte menor de 5 anos por otras causas,2020-07-01,1,0,0,0,0,0,0,0,0,1,0,0,0,0,0,0,0,0,0,0,0,0,0,0,0,0,0,0,0,0,0,0,0,0,0,0,0,0,0,0,1,1,2
21201,PUCARANI,mortalidad,muerte menor de 5 anos por otras causas,2020-07-01,0,0,0,0,0,0,0,0,0,0,0,1,0,0,0,0,0,0,0,0,0,0,0,0,0,0,0,0,0,0,0,0,0,0,0,0,0,0,0,0,0,1,1
71401,PUERTO SUAREZ,mortalidad,muerte menor de 5 anos por otras causas,2020-07-01,0,0,0,0,0,0,0,0,0,1,0,0,0,0,0,0,0,0,0,0,0,0,0,0,0,0,0,0,0,0,0,0,0,0,0,0,0,0,0,0,0,1,1
40801,SALINAS DE GARCI MENDOZA,mortalidad,muerte menor de 5 anos por otras causas,2020-07-01,0,0,0,0,0,0,0,0,0,0,1,1,0,0,0,0,0,0,0,0,0,0,0,0,0,0,0,0,0,0,0,0,0,0,0,0,0,0,0,0,1,1,2
70501,SAN JOSE DE CHIQUITOS,mortalidad,muerte menor de 5 anos por otras causas,2020-07-01,0,0,0,1,0,0,0,0,0,0,0,0,0,0,0,0,0,0,0,0,0,0,0,0,0,0,0,0,0,0,0,0,0,0,0,0,0,0,0,0,0,1,1
70101,SANTA CRUZ DE LA SIERRA,mortalidad,muerte menor de 5 anos por otras causas,2020-07-01,0,0,0,1,0,0,0,0,0,1,0,0,0,0,0,0,0,0,0,0,0,0,0,0,0,0,0,0,0,0,0,0,0,0,0,0,0,0,0,0,0,2,2
31602,SHINAOTA,mortalidad,muerte menor de 5 anos por otras causas,2020-07-01,0,0,0,0,0,0,0,0,0,0,1,0,0,0,0,0,0,0,0,0,0,0,0,0,0,0,0,0,0,0,0,0,0,0,0,0,0,0,0,0,1,0,1
10101,SUCRE,mortalidad,muerte menor de 5 anos por otras causas,2020-07-01,0,1,0,0,0,0,0,0,1,0,0,0,0,0,0,0,0,0,0,0,0,0,0,0,0,0,0,0,0,0,0,0,0,0,0,0,0,0,0,0,1,1,2
60101,TARIJA,mortalidad,muerte menor de 5 anos por otras causas,2020-07-01,2,3,0,0,0,0,0,0,1,0,0,0,0,0,0,0,0,0,0,0,0,0,0,0,0,0,0,0,0,0,0,0,0,0,0,0,0,0,0,0,3,3,6
50502,TORO TORO,mortalidad,muerte menor de 5 anos por otras causas,2020-07-01,0,0,0,1,0,0,0,0,0,0,0,0,0,0,0,0,0,0,0,0,0,0,0,0,0,0,0,0,0,0,0,0,0,0,0,0,0,0,0,0,0,1,1
31201,TOTORA(CBBA),mortalidad,muerte menor de 5 anos por otras causas,2020-07-01,0,0,0,0,0,0,0,0,0,0,1,0,0,0,0,0,0,0,0,0,0,0,0,0,0,0,0,0,0,0,0,0,0,0,0,0,0,0,0,0,1,0,1
80101,TRINIDAD,mortalidad,muerte menor de 5 anos por otras causas,2020-07-01,1,0,1,0,0,0,0,0,1,0,3,1,0,0,0,0,0,0,0,0,0,0,0,0,0,0,0,0,0,0,0,0,0,0,0,0,0,0,0,0,6,1,7
50801,TUPIZA,mortalidad,muerte menor de 5 anos por otras causas,2020-07-01,1,0,0,0,0,0,0,0,0,0,0,0,0,0,0,0,0,0,0,0,0,0,0,0,0,0,0,0,0,0,0,0,0,0,0,0,0,0,0,0,1,0,1
20201,ACHACACHI,mortalidad,muerte menor de 5 anos por otras causas,2020-08-01,0,0,1,0,0,0,0,0,0,0,0,1,0,0,0,0,0,0,0,0,0,0,0,0,0,0,0,0,0,0,0,0,0,0,0,0,0,0,0,0,1,1,2
70703,CABEZAS,mortalidad,muerte menor de 5 anos por otras causas,2020-08-01,0,0,1,0,0,0,0,0,0,0,0,0,0,0,0,0,0,0,0,0,0,0,0,0,0,0,0,0,0,0,0,0,0,0,0,0,0,0,0,0,1,0,1
90101,COBIJA,mortalidad,muerte menor de 5 anos por otras causas,2020-08-01,0,1,0,0,0,0,0,0,0,0,0,0,0,0,0,0,0,0,0,0,0,0,0,0,0,0,0,0,0,0,0,0,0,0,0,0,0,0,0,0,0,1,1
30101,COCHABAMBA,mortalidad,muerte menor de 5 anos por otras causas,2020-08-01,2,0,0,0,0,0,0,0,2,1,0,0,0,0,0,0,0,0,0,0,0,0,0,0,0,0,0,0,0,0,0,0,0,0,0,0,0,0,0,0,4,1,5
10902,CULPINA,mortalidad,muerte menor de 5 anos por otras causas,2020-08-01,0,0,0,0,0,0,0,0,0,0,0,1,0,0,0,0,0,0,0,0,0,0,0,0,0,0,0,0,0,0,0,0,0,0,0,0,0,0,0,0,0,1,1
20105,EL ALTO,mortalidad,muerte menor de 5 anos por otras causas,2020-08-01,5,7,1,0,0,0,0,1,0,0,0,0,0,0,0,0,0,0,0,0,0,0,0,0,0,0,0,0,0,0,0,0,0,0,0,0,0,0,0,0,6,8,14
60601,ENTRE RIOS TRJ,mortalidad,muerte menor de 5 anos por otras causas,2020-08-01,0,0,0,1,0,0,0,0,0,0,0,0,0,0,0,0,0,0,0,0,0,0,0,0,0,0,0,0,0,0,0,0,0,0,0,0,0,0,0,0,0,1,1
80202,GUAYARAMERIN,mortalidad,muerte menor de 5 anos por otras causas,2020-08-01,0,1,0,0,0,0,0,0,0,0,0,0,0,0,0,0,0,0,0,0,0,0,0,0,0,0,0,0,0,0,0,0,0,0,0,0,0,0,0,0,0,1,1
21001,INQUISIVI,mortalidad,muerte menor de 5 anos por otras causas,2020-08-01,0,0,0,0,0,0,0,0,0,0,0,1,0,0,0,0,0,0,0,0,0,0,0,0,0,0,0,0,0,0,0,0,0,0,0,0,0,0,0,0,0,1,1
21105,LA ASUNTA,mortalidad,muerte menor de 5 anos por otras causas,2020-08-01,0,0,0,0,0,0,0,0,0,0,2,0,0,0,0,0,0,0,0,0,0,0,0,0,0,0,0,0,0,0,0,0,0,0,0,0,0,0,0,0,2,0,2
20101,LA PAZ,mortalidad,muerte menor de 5 anos por otras causas,2020-08-01,1,0,1,0,0,0,0,0,1,2,0,0,0,0,0,0,0,0,0,0,0,0,0,0,0,0,0,0,0,0,0,0,0,0,0,0,0,0,0,0,3,2,5
71003,MINEROS,mortalidad,muerte menor de 5 anos por otras causas,2020-08-01,0,1,0,0,0,0,0,0,0,0,0,0,0,0,0,0,0,0,0,0,0,0,0,0,0,0,0,0,0,0,0,0,0,0,0,0,0,0,0,0,0,1,1
71001,MONTERO,mortalidad,muerte menor de 5 anos por otras causas,2020-08-01,1,0,0,1,0,0,1,0,0,0,0,0,0,0,0,0,0,0,0,0,0,0,0,0,0,0,0,0,0,0,0,0,0,0,0,0,0,0,0,0,2,1,3
21305,PATACAMAYA,mortalidad,muerte menor de 5 anos por otras causas,2020-08-01,0,0,0,0,0,0,0,0,0,1,0,0,0,0,0,0,0,0,0,0,0,0,0,0,0,0,0,0,0,0,0,0,0,0,0,0,0,0,0,0,0,1,1
50101,POTOSI,mortalidad,muerte menor de 5 anos por otras causas,2020-08-01,0,0,0,0,1,0,0,0,1,0,0,0,0,0,0,0,0,0,0,0,0,0,0,0,0,0,0,0,0,0,0,0,0,0,0,0,0,0,0,0,2,0,2
80201,RIBERALTA,mortalidad,muerte menor de 5 anos por otras causas,2020-08-01,0,0,0,0,0,0,0,0,0,1,0,0,0,0,0,0,0,0,0,0,0,0,0,0,0,0,0,0,0,0,0,0,0,0,0,0,0,0,0,0,0,1,1
80304,RURRENABAQUE,mortalidad,muerte menor de 5 anos por otras causas,2020-08-01,0,0,0,0,0,0,0,0,0,0,0,1,0,0,0,0,0,0,0,0,0,0,0,0,0,0,0,0,0,0,0,0,0,0,0,0,0,0,0,0,0,1,1
31001,SACABA,mortalidad,muerte menor de 5 anos por otras causas,2020-08-01,0,1,0,0,0,0,0,0,0,0,0,0,0,0,0,0,0,0,0,0,0,0,0,0,0,0,0,0,0,0,0,0,0,0,0,0,0,0,0,0,0,1,1
70301,SAN IGNACIO DE VELASCO,mortalidad,muerte menor de 5 anos por otras causas,2020-08-01,0,0,0,0,0,1,0,0,0,0,0,0,0,0,0,0,0,0,0,0,0,0,0,0,0,0,0,0,0,0,0,0,0,0,0,0,0,0,0,0,0,1,1
70501,SAN JOSE DE CHIQUITOS,mortalidad,muerte menor de 5 anos por otras causas,2020-08-01,1,0,0,0,0,0,0,0,0,0,0,0,0,0,0,0,0,0,0,0,0,0,0,0,0,0,0,0,0,0,0,0,0,0,0,0,0,0,0,0,1,0,1
10101,SUCRE,mortalidad,muerte menor de 5 anos por otras causas,2020-08-01,3,0,0,0,0,0,0,0,0,0,0,0,0,0,0,0,0,0,0,0,0,0,0,0,0,0,0,0,0,0,0,0,0,0,0,0,0,0,0,0,3,0,3
20606,TIPUANI,mortalidad,muerte menor de 5 anos por otras causas,2020-08-01,0,0,0,0,2,0,0,0,0,0,0,0,0,0,0,0,0,0,0,0,0,0,0,0,0,0,0,0,0,0,0,0,0,0,0,0,0,0,0,0,2,0,2
50201,UNCIA,mortalidad,muerte menor de 5 anos por otras causas,2020-08-01,0,0,0,1,0,0,0,0,0,0,0,0,0,0,0,0,0,0,0,0,0,0,0,0,0,0,0,0,0,0,0,0,0,0,0,0,0,0,0,0,0,1,1
10704,VILLA CHARCAS,mortalidad,muerte menor de 5 anos por otras causas,2020-08-01,0,0,0,0,0,0,0,0,0,1,0,0,0,0,0,0,0,0,0,0,0,0,0,0,0,0,0,0,0,0,0,0,0,0,0,0,0,0,0,0,0,1,1
60301,YACUIBA,mortalidad,muerte menor de 5 anos por otras causas,2020-08-01,0,0,0,0,0,0,0,0,1,0,0,0,0,0,0,0,0,0,0,0,0,0,0,0,0,0,0,0,0,0,0,0,0,0,0,0,0,0,0,0,1,0,1
70403,YAPACANI,mortalidad,muerte menor de 5 anos por otras causas,2020-08-01,0,0,0,3,0,0,0,0,0,0,0,0,0,0,0,0,0,0,0,0,0,0,0,0,0,0,0,0,0,0,0,0,0,0,0,0,0,0,0,0,0,3,3
10102,YOTALA,mortalidad,muerte menor de 5 anos por otras causas,2020-08-01,1,0,0,0,0,0,0,0,0,0,0,0,0,0,0,0,0,0,0,0,0,0,0,0,0,0,0,0,0,0,0,0,0,0,0,0,0,0,0,0,1,0,1
10404,ALCALA,mortalidad,muerte menor de 5 anos por otras causas,2020-09-01,0,0,0,0,0,0,0,0,0,0,0,1,0,0,0,0,0,0,0,0,0,0,0,0,0,0,0,0,0,0,0,0,0,0,0,0,0,0,0,0,0,1,1
20701,APOLO,mortalidad,muerte menor de 5 anos por otras causas,2020-09-01,0,0,0,1,0,0,0,0,0,0,0,0,0,0,0,0,0,0,0,0,0,0,0,0,0,0,0,0,0,0,0,0,0,0,0,0,0,0,0,0,0,1,1
20503,AUCAPATA,mortalidad,muerte menor de 5 anos por otras causas,2020-09-01,0,0,1,0,0,0,0,0,0,0,0,0,0,0,0,0,0,0,0,0,0,0,0,0,0,0,0,0,0,0,0,0,0,0,0,0,0,0,0,0,1,0,1
50301,BETANZOS,mortalidad,muerte menor de 5 anos por otras causas,2020-09-01,0,0,0,0,0,0,0,0,0,0,1,0,0,0,0,0,0,0,0,0,0,0,0,0,0,0,0,0,0,0,0,0,0,0,0,0,0,0,0,0,1,0,1
90101,COBIJA,mortalidad,muerte menor de 5 anos por otras causas,2020-09-01,0,1,0,0,0,0,0,0,0,0,0,0,0,0,0,0,0,0,0,0,0,0,0,0,0,0,0,0,0,0,0,0,0,0,0,0,0,0,0,0,0,1,1
30101,COCHABAMBA,mortalidad,muerte menor de 5 anos por otras causas,2020-09-01,1,1,0,0,3,1,0,0,0,2,0,1,0,0,0,0,0,0,0,0,0,0,0,0,0,0,0,0,0,0,0,0,0,0,0,0,0,0,0,0,4,5,9
50901,"COLCHA ""K""",mortalidad,muerte menor de 5 anos por otras causas,2020-09-01,0,0,1,0,0,0,0,0,0,0,0,0,0,0,0,0,0,0,0,0,0,0,0,0,0,0,0,0,0,0,0,0,0,0,0,0,0,0,0,0,1,0,1
71101,CONCEPCION,mortalidad,muerte menor de 5 anos por otras causas,2020-09-01,0,0,0,0,0,0,0,0,0,0,1,0,0,0,0,0,0,0,0,0,0,0,0,0,0,0,0,0,0,0,0,0,0,0,0,0,0,0,0,0,1,0,1
70102,COTOCA,mortalidad,muerte menor de 5 anos por otras causas,2020-09-01,0,0,0,0,0,0,0,0,0,0,1,0,0,0,0,0,0,0,0,0,0,0,0,0,0,0,0,0,0,0,0,0,0,0,0,0,0,0,0,0,1,0,1
20105,EL ALTO,mortalidad,muerte menor de 5 anos por otras causas,2020-09-01,19,6,3,0,0,0,1,0,0,0,2,2,0,0,0,0,0,0,0,0,0,0,0,0,0,0,0,0,0,0,0,0,0,0,0,0,0,0,0,0,25,8,33
20405,ESCOMA,mortalidad,muerte menor de 5 anos por otras causas,2020-09-01,0,0,1,0,0,0,0,0,0,0,0,1,0,0,0,0,0,0,0,0,0,0,0,0,0,0,0,0,0,0,0,0,0,0,0,0,0,0,0,0,1,1,2
20101,LA PAZ,mortalidad,muerte menor de 5 anos por otras causas,2020-09-01,0,3,0,0,0,1,0,0,0,0,0,0,0,0,0,0,0,0,0,0,0,0,0,0,0,0,0,0,0,0,0,0,0,0,0,0,0,0,0,0,0,4,4
40101,ORURO,mortalidad,muerte menor de 5 anos por otras causas,2020-09-01,0,0,1,0,1,0,0,0,1,0,0,0,0,0,0,0,0,0,0,0,0,0,0,0,0,0,0,0,0,0,0,0,0,0,0,0,0,0,0,0,3,0,3
70902,PAMPA GRANDE,mortalidad,muerte menor de 5 anos por otras causas,2020-09-01,0,0,0,0,0,0,0,1,0,0,0,0,0,0,0,0,0,0,0,0,0,0,0,0,0,0,0,0,0,0,0,0,0,0,0,0,0,0,0,0,0,1,1
70601,PORTACHUELO,mortalidad,muerte menor de 5 anos por otras causas,2020-09-01,0,0,0,1,0,0,0,0,0,0,0,0,0,0,0,0,0,0,0,0,0,0,0,0,0,0,0,0,0,0,0,0,0,0,0,0,0,0,0,0,0,1,1
50101,POTOSI,mortalidad,muerte menor de 5 anos por otras causas,2020-09-01,0,0,0,0,0,0,0,0,1,0,0,0,0,0,0,0,0,0,0,0,0,0,0,0,0,0,0,0,0,0,0,0,0,0,0,0,0,0,0,0,1,0,1
21201,PUCARANI,mortalidad,muerte menor de 5 anos por otras causas,2020-09-01,0,0,0,1,0,0,0,0,0,0,0,0,0,0,0,0,0,0,0,0,0,0,0,0,0,0,0,0,0,0,0,0,0,0,0,0,0,0,0,0,0,1,1
31205,PUERTO VILLARROEL,mortalidad,muerte menor de 5 anos por otras causas,2020-09-01,0,0,0,0,0,0,0,0,0,0,1,0,0,0,0,0,0,0,0,0,0,0,0,0,0,0,0,0,0,0,0,0,0,0,0,0,0,0,0,0,1,0,1
51101,PUNA,mortalidad,muerte menor de 5 anos por otras causas,2020-09-01,0,0,0,0,0,0,0,0,0,0,0,1,0,0,0,0,0,0,0,0,0,0,0,0,0,0,0,0,0,0,0,0,0,0,0,0,0,0,0,0,0,1,1
80201,RIBERALTA,mortalidad,muerte menor de 5 anos por otras causas,2020-09-01,1,0,0,0,0,0,0,0,0,0,0,0,0,0,0,0,0,0,0,0,0,0,0,0,0,0,0,0,0,0,0,0,0,0,0,0,0,0,0,0,1,0,1
70503,ROBORE,mortalidad,muerte menor de 5 anos por otras causas,2020-09-01,0,0,0,0,0,1,0,0,0,0,0,0,0,0,0,0,0,0,0,0,0,0,0,0,0,0,0,0,0,0,0,0,0,0,0,0,0,0,0,0,0,1,1
70501,SAN JOSE DE CHIQUITOS,mortalidad,muerte menor de 5 anos por otras causas,2020-09-01,0,0,1,1,0,0,0,0,0,1,0,0,0,0,0,0,0,0,0,0,0,0,0,0,0,0,0,0,0,0,0,0,0,0,0,0,0,0,0,0,1,2,3
70101,SANTA CRUZ DE LA SIERRA,mortalidad,muerte menor de 5 anos por otras causas,2020-09-01,1,0,0,0,1,0,0,0,1,0,0,1,0,0,0,0,0,0,0,0,0,0,0,0,0,0,0,0,0,0,0,0,0,0,0,0,0,0,0,0,3,1,4
60101,TARIJA,mortalidad,muerte menor de 5 anos por otras causas,2020-09-01,2,0,0,0,0,0,0,0,1,0,0,0,0,0,0,0,0,0,0,0,0,0,0,0,0,0,0,0,0,0,0,0,0,0,0,0,0,0,0,0,3,0,3
80101,TRINIDAD,mortalidad,muerte menor de 5 anos por otras causas,2020-09-01,0,1,0,0,0,0,0,0,0,0,0,0,0,0,0,0,0,0,0,0,0,0,0,0,0,0,0,0,0,0,0,0,0,0,0,0,0,0,0,0,0,1,1
31003,VILLA TUNARI,mortalidad,muerte menor de 5 anos por otras causas,2020-09-01,0,0,0,0,0,0,0,0,1,0,0,0,0,0,0,0,0,0,0,0,0,0,0,0,0,0,0,0,0,0,0,0,0,0,0,0,0,0,0,0,1,0,1
51501,VILLAZON,mortalidad,muerte menor de 5 anos por otras causas,2020-09-01,0,1,0,0,0,0,0,0,0,0,0,0,0,0,0,0,0,0,0,0,0,0,0,0,0,0,0,0,0,0,0,0,0,0,0,0,0,0,0,0,0,1,1
60301,YACUIBA,mortalidad,muerte menor de 5 anos por otras causas,2020-09-01,0,0,1,0,0,0,0,0,0,0,0,0,0,0,0,0,0,0,0,0,0,0,0,0,0,0,0,0,0,0,0,0,0,0,0,0,0,0,0,0,1,0,1
20503,AUCAPATA,mortalidad,muerte menor de 5 anos por otras causas,2020-10-01,0,0,0,0,0,0,0,0,0,0,0,1,0,0,0,0,0,0,0,0,0,0,0,0,0,0,0,0,0,0,0,0,0,0,0,0,0,0,0,0,0,1,1
21003,CAJUATA,mortalidad,muerte menor de 5 anos por otras causas,2020-10-01,0,0,0,0,0,0,0,0,0,0,0,1,0,0,0,0,0,0,0,0,0,0,0,0,0,0,0,0,0,0,0,0,0,0,0,0,0,0,0,0,0,1,1
31204,CHIMORE,mortalidad,muerte menor de 5 anos por otras causas,2020-10-01,0,0,0,0,0,0,0,0,0,0,1,0,0,0,0,0,0,0,0,0,0,0,0,0,0,0,0,0,0,0,0,0,0,0,0,0,0,0,0,0,1,0,1
90101,COBIJA,mortalidad,muerte menor de 5 anos por otras causas,2020-10-01,0,0,0,0,0,0,0,0,2,0,0,0,0,0,0,0,0,0,0,0,0,0,0,0,0,0,0,0,0,0,0,0,0,0,0,0,0,0,0,0,2,0,2
30101,COCHABAMBA,mortalidad,muerte menor de 5 anos por otras causas,2020-10-01,2,1,1,0,1,0,0,0,2,1,0,0,0,0,0,0,0,0,0,0,0,0,0,0,0,0,0,0,0,0,0,0,0,0,0,0,0,0,0,0,6,2,8
20301,CORO CORO,mortalidad,muerte menor de 5 anos por otras causas,2020-10-01,0,0,0,0,0,0,0,0,0,0,2,0,0,0,0,0,0,0,0,0,0,0,0,0,0,0,0,0,0,0,0,0,0,0,0,0,0,0,0,0,2,0,2
21401,COROICO,mortalidad,muerte menor de 5 anos por otras causas,2020-10-01,0,0,0,0,0,0,0,0,0,0,1,0,0,0,0,0,0,0,0,0,0,0,0,0,0,0,0,0,0,0,0,0,0,0,0,0,0,0,0,0,1,0,1
70102,COTOCA,mortalidad,muerte menor de 5 anos por otras causas,2020-10-01,0,0,0,0,0,0,0,0,0,0,0,1,0,0,0,0,0,0,0,0,0,0,0,0,0,0,0,0,0,0,0,0,0,0,0,0,0,0,0,0,0,1,1
20105,EL ALTO,mortalidad,muerte menor de 5 anos por otras causas,2020-10-01,11,7,0,1,0,1,0,0,0,0,0,0,0,0,0,0,0,0,0,0,0,0,0,0,0,0,0,0,0,0,0,0,0,0,0,0,0,0,0,0,11,9,20
80202,GUAYARAMERIN,mortalidad,muerte menor de 5 anos por otras causas,2020-10-01,1,0,0,0,0,0,0,0,0,0,0,0,0,0,0,0,0,0,0,0,0,0,0,0,0,0,0,0,0,0,0,0,0,0,0,0,0,0,0,0,1,0,1
20101,LA PAZ,mortalidad,muerte menor de 5 anos por otras causas,2020-10-01,1,1,0,0,2,0,0,0,1,3,0,0,0,0,0,0,0,0,0,0,0,0,0,0,0,0,0,0,0,0,0,0,0,0,0,0,0,0,0,0,4,4,8
20402,MOCOMOCO,mortalidad,muerte menor de 5 anos por otras causas,2020-10-01,0,0,0,1,0,0,0,0,0,0,0,0,0,0,0,0,0,0,0,0,0,0,0,0,0,0,0,0,0,0,0,0,0,0,0,0,0,0,0,0,0,1,1
10303,MOJOCOYA,mortalidad,muerte menor de 5 anos por otras causas,2020-10-01,0,0,0,1,0,0,0,0,0,0,0,0,0,0,0,0,0,0,0,0,0,0,0,0,0,0,0,0,0,0,0,0,0,0,0,0,0,0,0,0,0,1,1
40101,ORURO,mortalidad,muerte menor de 5 anos por otras causas,2020-10-01,0,0,1,1,0,0,0,0,0,0,0,0,0,0,0,0,0,0,0,0,0,0,0,0,0,0,0,0,0,0,0,0,0,0,0,0,0,0,0,0,1,1,2
50101,POTOSI,mortalidad,muerte menor de 5 anos por otras causas,2020-10-01,1,0,0,0,0,0,0,0,0,1,0,0,0,0,0,0,0,0,0,0,0,0,0,0,0,0,0,0,0,0,0,0,0,0,0,0,0,0,0,0,1,1,2
21201,PUCARANI,mortalidad,muerte menor de 5 anos por otras causas,2020-10-01,0,0,1,0,0,0,0,0,0,0,0,0,0,0,0,0,0,0,0,0,0,0,0,0,0,0,0,0,0,0,0,0,0,0,0,0,0,0,0,0,1,0,1
31205,PUERTO VILLARROEL,mortalidad,muerte menor de 5 anos por otras causas,2020-10-01,0,0,0,0,0,0,0,0,0,0,0,1,0,0,0,0,0,0,0,0,0,0,0,0,0,0,0,0,0,0,0,0,0,0,0,0,0,0,0,0,0,1,1
80201,RIBERALTA,mortalidad,muerte menor de 5 anos por otras causas,2020-10-01,0,1,0,0,0,0,0,0,0,0,0,1,0,0,0,0,0,0,0,0,0,0,0,0,0,0,0,0,0,0,0,0,0,0,0,0,0,0,0,0,0,2,2
21502,SAN BUENA VENTURA,mortalidad,muerte menor de 5 anos por otras causas,2020-10-01,0,1,0,0,0,0,0,0,0,0,0,0,0,0,0,0,0,0,0,0,0,0,0,0,0,0,0,0,0,0,0,0,0,0,0,0,0,0,0,0,0,1,1
70301,SAN IGNACIO DE VELASCO,mortalidad,muerte menor de 5 anos por otras causas,2020-10-01,0,0,0,0,0,0,0,0,1,0,1,0,0,0,0,0,0,0,0,0,0,0,0,0,0,0,0,0,0,0,0,0,0,0,0,0,0,0,0,0,2,0,2
70501,SAN JOSE DE CHIQUITOS,mortalidad,muerte menor de 5 anos por otras causas,2020-10-01,0,0,0,0,0,0,1,0,0,0,0,0,0,0,0,0,0,0,0,0,0,0,0,0,0,0,0,0,0,0,0,0,0,0,0,0,0,0,0,0,1,0,1
71201,SAN MATIAS,mortalidad,muerte menor de 5 anos por otras causas,2020-10-01,0,0,1,0,0,0,0,0,0,0,0,0,0,0,0,0,0,0,0,0,0,0,0,0,0,0,0,0,0,0,0,0,0,0,0,0,0,0,0,0,1,0,1
21702,SAN PEDRO DE TIQUINA,mortalidad,muerte menor de 5 anos por otras causas,2020-10-01,0,0,0,0,0,0,0,0,0,0,1,0,0,0,0,0,0,0,0,0,0,0,0,0,0,0,0,0,0,0,0,0,0,0,0,0,0,0,0,0,1,0,1
70101,SANTA CRUZ DE LA SIERRA,mortalidad,muerte menor de 5 anos por otras causas,2020-10-01,0,0,0,0,0,0,0,0,0,0,1,0,0,0,0,0,0,0,0,0,0,0,0,0,0,0,0,0,0,0,0,0,0,0,0,0,0,0,0,0,1,0,1
70602,SANTA ROSA DEL SARA,mortalidad,muerte menor de 5 anos por otras causas,2020-10-01,0,0,0,0,0,0,0,1,0,0,0,0,0,0,0,0,0,0,0,0,0,0,0,0,0,0,0,0,0,0,0,0,0,0,0,0,0,0,0,0,0,1,1
10101,SUCRE,mortalidad,muerte menor de 5 anos por otras causas,2020-10-01,1,1,0,0,0,0,0,0,1,1,0,0,0,0,0,0,0,0,0,0,0,0,0,0,0,0,0,0,0,0,0,0,0,0,0,0,0,0,0,0,2,2,4
31101,TAPACARI,mortalidad,muerte menor de 5 anos por otras causas,2020-10-01,0,0,1,0,0,0,0,0,0,0,0,0,0,0,0,0,0,0,0,0,0,0,0,0,0,0,0,0,0,0,0,0,0,0,0,0,0,0,0,0,1,0,1
60101,TARIJA,mortalidad,muerte menor de 5 anos por otras causas,2020-10-01,0,1,0,0,0,0,0,0,0,0,0,0,0,0,0,0,0,0,0,0,0,0,0,0,0,0,0,0,0,0,0,0,0,0,0,0,0,0,0,0,0,1,1
31201,TOTORA(CBBA),mortalidad,muerte menor de 5 anos por otras causas,2020-10-01,0,0,0,0,0,0,0,0,0,0,0,1,0,0,0,0,0,0,0,0,0,0,0,0,0,0,0,0,0,0,0,0,0,0,0,0,0,0,0,0,0,1,1
80101,TRINIDAD,mortalidad,muerte menor de 5 anos por otras causas,2020-10-01,1,0,0,0,1,0,0,0,1,1,0,0,0,0,0,0,0,0,0,0,0,0,0,0,0,0,0,0,0,0,0,0,0,0,0,0,0,0,0,0,3,1,4
50201,UNCIA,mortalidad,muerte menor de 5 anos por otras causas,2020-10-01,0,0,0,0,0,0,0,0,0,1,0,0,0,0,0,0,0,0,0,0,0,0,0,0,0,0,0,0,0,0,0,0,0,0,0,0,0,0,0,0,0,1,1
31003,VILLA TUNARI,mortalidad,muerte menor de 5 anos por otras causas,2020-10-01,0,0,0,0,1,0,0,1,0,0,0,1,0,0,0,0,0,0,0,0,0,0,0,0,0,0,0,0,0,0,0,0,0,0,0,0,0,0,0,0,1,2,3
40603,ANTEQUERA,mortalidad,muerte menor de 5 anos por otras causas,2020-11-01,0,0,0,0,0,0,0,0,0,0,1,0,0,0,0,0,0,0,0,0,0,0,0,0,0,0,0,0,0,0,0,0,0,0,0,0,0,0,0,0,1,0,1
30301,AYOPAYA (V. DE INDEPENDENCIA),mortalidad,muerte menor de 5 anos por otras causas,2020-11-01,0,0,0,0,0,0,0,0,0,0,1,0,0,0,0,0,0,0,0,0,0,0,0,0,0,0,0,0,0,0,0,0,0,0,0,0,0,0,0,0,1,0,1
50301,BETANZOS,mortalidad,muerte menor de 5 anos por otras causas,2020-11-01,0,0,0,1,0,0,0,0,0,0,0,0,0,0,0,0,0,0,0,0,0,0,0,0,0,0,0,0,0,0,0,0,0,0,0,0,0,0,0,0,0,1,1
40201,CHALLAPATA,mortalidad,muerte menor de 5 anos por otras causas,2020-11-01,0,0,0,0,0,0,0,0,0,0,0,1,0,0,0,0,0,0,0,0,0,0,0,0,0,0,0,0,0,0,0,0,0,0,0,0,0,0,0,0,0,1,1
90101,COBIJA,mortalidad,muerte menor de 5 anos por otras causas,2020-11-01,0,1,0,0,0,0,0,0,0,0,0,0,0,0,0,0,0,0,0,0,0,0,0,0,0,0,0,0,0,0,0,0,0,0,0,0,0,0,0,0,0,1,1
30101,COCHABAMBA,mortalidad,muerte menor de 5 anos por otras causas,2020-11-01,4,2,0,0,0,0,0,0,1,1,0,0,0,0,0,0,0,0,0,0,0,0,0,0,0,0,0,0,0,0,0,0,0,0,0,0,0,0,0,0,5,3,8
21004,COLQUIRI,mortalidad,muerte menor de 5 anos por otras causas,2020-11-01,0,0,0,0,0,0,0,0,0,0,1,0,0,0,0,0,0,0,0,0,0,0,0,0,0,0,0,0,0,0,0,0,0,0,0,0,0,0,0,0,1,0,1
21701,COPACABANA,mortalidad,muerte menor de 5 anos por otras causas,2020-11-01,0,0,1,0,0,0,0,0,0,0,0,0,0,0,0,0,0,0,0,0,0,0,0,0,0,0,0,0,0,0,0,0,0,0,0,0,0,0,0,0,1,0,1
20301,CORO CORO,mortalidad,muerte menor de 5 anos por otras causas,2020-11-01,0,0,0,1,0,0,0,0,0,0,0,0,0,0,0,0,0,0,0,0,0,0,0,0,0,0,0,0,0,0,0,0,0,0,0,0,0,0,0,0,0,1,1
70102,COTOCA,mortalidad,muerte menor de 5 anos por otras causas,2020-11-01,0,0,0,0,0,0,0,0,0,0,0,1,0,0,0,0,0,0,0,0,0,0,0,0,0,0,0,0,0,0,0,0,0,0,0,0,0,0,0,0,0,1,1
20105,EL ALTO,mortalidad,muerte menor de 5 anos por otras causas,2020-11-01,12,3,1,0,0,0,0,0,0,0,0,0,0,0,0,0,0,0,0,0,0,0,0,0,0,0,0,0,0,0,0,0,0,0,0,0,0,0,0,0,13,3,16
40701,HUANUNI,mortalidad,muerte menor de 5 anos por otras causas,2020-11-01,0,0,0,0,0,0,0,0,0,0,0,1,0,0,0,0,0,0,0,0,0,0,0,0,0,0,0,0,0,0,0,0,0,0,0,0,0,0,0,0,0,1,1
70104,LA GUARDIA,mortalidad,muerte menor de 5 anos por otras causas,2020-11-01,0,0,0,0,0,0,0,0,0,0,1,0,0,0,0,0,0,0,0,0,0,0,0,0,0,0,0,0,0,0,0,0,0,0,0,0,0,0,0,0,1,0,1
20101,LA PAZ,mortalidad,muerte menor de 5 anos por otras causas,2020-11-01,2,0,0,0,1,0,0,0,1,2,0,0,0,0,0,0,0,0,0,0,0,0,0,0,0,0,0,0,0,0,0,0,0,0,0,0,0,0,0,0,4,2,6
70903,MAIRANA,mortalidad,muerte menor de 5 anos por otras causas,2020-11-01,0,0,1,0,0,0,0,0,0,0,0,1,0,0,0,0,0,0,0,0,0,0,0,0,0,0,0,0,0,0,0,0,0,0,0,0,0,0,0,0,1,1,2
71001,MONTERO,mortalidad,muerte menor de 5 anos por otras causas,2020-11-01,0,0,0,0,0,0,0,0,0,1,0,0,0,0,0,0,0,0,0,0,0,0,0,0,0,0,0,0,0,0,0,0,0,0,0,0,0,0,0,0,0,1,1
50404,OCURI,mortalidad,muerte menor de 5 anos por otras causas,2020-11-01,0,0,0,0,0,0,0,0,0,0,0,2,0,0,0,0,0,0,0,0,0,0,0,0,0,0,0,0,0,0,0,0,0,0,0,0,0,0,0,0,0,2,2
51203,PORCO,mortalidad,muerte menor de 5 anos por otras causas,2020-11-01,0,0,0,0,0,0,0,1,0,0,0,0,0,0,0,0,0,0,0,0,0,0,0,0,0,0,0,0,0,0,0,0,0,0,0,0,0,0,0,0,0,1,1
50101,POTOSI,mortalidad,muerte menor de 5 anos por otras causas,2020-11-01,0,1,0,0,0,1,0,0,1,0,0,0,0,0,0,0,0,0,0,0,0,0,0,0,0,0,0,0,0,0,0,0,0,0,0,0,0,0,0,0,1,2,3
31205,PUERTO VILLARROEL,mortalidad,muerte menor de 5 anos por otras causas,2020-11-01,0,0,0,0,1,0,0,0,1,0,1,0,0,0,0,0,0,0,0,0,0,0,0,0,0,0,0,0,0,0,0,0,0,0,0,0,0,0,0,0,3,0,3
30901,QUILLACOLLO,mortalidad,muerte menor de 5 anos por otras causas,2020-11-01,1,0,0,0,0,0,0,0,0,0,0,0,0,0,0,0,0,0,0,0,0,0,0,0,0,0,0,0,0,0,0,0,0,0,0,0,0,0,0,0,1,0,1
80304,RURRENABAQUE,mortalidad,muerte menor de 5 anos por otras causas,2020-11-01,0,0,0,0,0,0,0,0,0,0,1,0,0,0,0,0,0,0,0,0,0,0,0,0,0,0,0,0,0,0,0,0,0,0,0,0,0,0,0,0,1,0,1
70301,SAN IGNACIO DE VELASCO,mortalidad,muerte menor de 5 anos por otras causas,2020-11-01,0,0,0,0,0,1,0,0,0,0,0,0,0,0,0,0,0,0,0,0,0,0,0,0,0,0,0,0,0,0,0,0,0,0,0,0,0,0,0,0,0,1,1
10702,SAN LUCAS,mortalidad,muerte menor de 5 anos por otras causas,2020-11-01,0,0,1,0,0,0,0,0,0,0,0,0,0,0,0,0,0,0,0,0,0,0,0,0,0,0,0,0,0,0,0,0,0,0,0,0,0,0,0,0,1,0,1
10101,SUCRE,mortalidad,muerte menor de 5 anos por otras causas,2020-11-01,2,2,0,0,0,0,0,0,0,1,0,0,0,0,0,0,0,0,0,0,0,0,0,0,0,0,0,0,0,0,0,0,0,0,0,0,0,0,0,0,2,3,5
80101,TRINIDAD,mortalidad,muerte menor de 5 anos por otras causas,2020-11-01,0,1,0,0,0,0,0,0,0,1,0,0,0,0,0,0,0,0,0,0,0,0,0,0,0,0,0,0,0,0,0,0,0,0,0,0,0,0,0,0,0,2,2
31003,VILLA TUNARI,mortalidad,muerte menor de 5 anos por otras causas,2020-11-01,0,0,0,1,0,0,0,0,1,0,0,0,0,0,0,0,0,0,0,0,0,0,0,0,0,0,0,0,0,0,0,0,0,0,0,0,0,0,0,0,1,1,2
70403,YAPACANI,mortalidad,muerte menor de 5 anos por otras causas,2020-11-01,0,0,0,0,0,0,0,0,0,0,0,1,0,0,0,0,0,0,0,0,0,0,0,0,0,0,0,0,0,0,0,0,0,0,0,0,0,0,0,0,0,1,1
20202,ANCORAIMES,mortalidad,muerte menor de 5 anos por otras causas,2020-12-01,0,0,0,0,0,0,0,0,0,0,1,0,0,0,0,0,0,0,0,0,0,0,0,0,0,0,0,0,0,0,0,0,0,0,0,0,0,0,0,0,1,0,1
20503,AUCAPATA,mortalidad,muerte menor de 5 anos por otras causas,2020-12-01,0,0,0,0,0,0,0,0,0,0,1,0,0,0,0,0,0,0,0,0,0,0,0,0,0,0,0,0,0,0,0,0,0,0,0,0,0,0,0,0,1,0,1
21003,CAJUATA,mortalidad,muerte menor de 5 anos por otras causas,2020-12-01,0,0,0,0,1,0,0,0,0,0,0,0,0,0,0,0,0,0,0,0,0,0,0,0,0,0,0,0,0,0,0,0,0,0,0,0,0,0,0,0,1,0,1
21304,CALAMARCA,mortalidad,muerte menor de 5 anos por otras causas,2020-12-01,0,0,0,0,0,0,0,0,0,0,0,1,0,0,0,0,0,0,0,0,0,0,0,0,0,0,0,0,0,0,0,0,0,0,0,0,0,0,0,0,0,1,1
30701,CAPINOTA,mortalidad,muerte menor de 5 anos por otras causas,2020-12-01,0,0,0,0,0,0,0,0,0,0,0,1,0,0,0,0,0,0,0,0,0,0,0,0,0,0,0,0,0,0,0,0,0,0,0,0,0,0,0,0,0,1,1
30101,COCHABAMBA,mortalidad,muerte menor de 5 anos por otras causas,2020-12-01,0,1,0,1,1,0,0,0,2,3,0,0,0,0,0,0,0,0,0,0,0,0,0,0,0,0,0,0,0,0,0,0,0,0,0,0,0,0,0,0,3,5,8
20301,CORO CORO,mortalidad,muerte menor de 5 anos por otras causas,2020-12-01,0,0,0,1,0,0,0,0,0,0,0,0,0,0,0,0,0,0,0,0,0,0,0,0,0,0,0,0,0,0,0,0,0,0,0,0,0,0,0,0,0,1,1
70102,COTOCA,mortalidad,muerte menor de 5 anos por otras causas,2020-12-01,0,0,0,0,0,0,0,0,0,0,1,0,0,0,0,0,0,0,0,0,0,0,0,0,0,0,0,0,0,0,0,0,0,0,0,0,0,0,0,0,1,0,1
20105,EL ALTO,mortalidad,muerte menor de 5 anos por otras causas,2020-12-01,2,2,4,3,0,0,0,0,0,0,1,0,0,0,0,0,0,0,0,0,0,0,0,0,0,0,0,0,0,0,0,0,0,0,0,0,0,0,0,0,7,5,12
31206,ENTRE RIOS CBBA,mortalidad,muerte menor de 5 anos por otras causas,2020-12-01,0,0,0,0,0,0,0,0,1,0,1,1,0,0,0,0,0,0,0,0,0,0,0,0,0,0,0,0,0,0,0,0,0,0,0,0,0,0,0,0,2,1,3
20101,LA PAZ,mortalidad,muerte menor de 5 anos por otras causas,2020-12-01,2,3,0,0,0,1,0,0,1,0,0,0,0,0,0,0,0,0,0,0,0,0,0,0,0,0,0,0,0,0,0,0,0,0,0,0,0,0,0,0,3,4,7
21202,LAJA,mortalidad,muerte menor de 5 anos por otras causas,2020-12-01,0,0,0,0,0,0,0,0,0,0,0,1,0,0,0,0,0,0,0,0,0,0,0,0,0,0,0,0,0,0,0,0,0,0,0,0,0,0,0,0,0,1,1
10401,PADILLA,mortalidad,muerte menor de 5 anos por otras causas,2020-12-01,0,0,0,1,0,0,0,0,0,0,0,0,0,0,0,0,0,0,0,0,0,0,0,0,0,0,0,0,0,0,0,0,0,0,0,0,0,0,0,0,0,1,1
21802,PAPEL PAMPA,mortalidad,muerte menor de 5 anos por otras causas,2020-12-01,0,0,0,0,1,0,0,0,0,0,0,0,0,0,0,0,0,0,0,0,0,0,0,0,0,0,0,0,0,0,0,0,0,0,0,0,0,0,0,0,1,0,1
21305,PATACAMAYA,mortalidad,muerte menor de 5 anos por otras causas,2020-12-01,1,0,0,1,0,0,0,0,0,0,0,0,0,0,0,0,0,0,0,0,0,0,0,0,0,0,0,0,0,0,0,0,0,0,0,0,0,0,0,0,1,1,2
50101,POTOSI,mortalidad,muerte menor de 5 anos por otras causas,2020-12-01,1,0,0,0,0,0,0,0,2,0,0,0,0,0,0,0,0,0,0,0,0,0,0,0,0,0,0,0,0,0,0,0,0,0,0,0,0,0,0,0,3,0,3
21204,PUERTO PEREZ,mortalidad,muerte menor de 5 anos por otras causas,2020-12-01,0,0,0,1,0,0,0,0,0,0,0,0,0,0,0,0,0,0,0,0,0,0,0,0,0,0,0,0,0,0,0,0,0,0,0,0,0,0,0,0,0,1,1
80201,RIBERALTA,mortalidad,muerte menor de 5 anos por otras causas,2020-12-01,0,0,0,0,1,0,0,0,0,0,0,0,0,0,0,0,0,0,0,0,0,0,0,0,0,0,0,0,0,0,0,0,0,0,0,0,0,0,0,0,1,0,1
31001,SACABA,mortalidad,muerte menor de 5 anos por otras causas,2020-12-01,0,0,0,0,0,0,0,0,0,0,1,0,0,0,0,0,0,0,0,0,0,0,0,0,0,0,0,0,0,0,0,0,0,0,0,0,0,0,0,0,1,0,1
50701,SACACA,mortalidad,muerte menor de 5 anos por otras causas,2020-12-01,0,0,2,0,0,0,0,0,0,0,0,0,0,0,0,0,0,0,0,0,0,0,0,0,0,0,0,0,0,0,0,0,0,0,0,0,0,0,0,0,2,0,2
80302,SAN BORJA,mortalidad,muerte menor de 5 anos por otras causas,2020-12-01,0,0,0,0,0,0,0,0,1,0,0,0,0,0,0,0,0,0,0,0,0,0,0,0,0,0,0,0,0,0,0,0,0,0,0,0,0,0,0,0,1,0,1
21702,SAN PEDRO DE TIQUINA,mortalidad,muerte menor de 5 anos por otras causas,2020-12-01,0,0,0,0,0,0,0,1,0,0,0,0,0,0,0,0,0,0,0,0,0,0,0,0,0,0,0,0,0,0,0,0,0,0,0,0,0,0,0,0,0,1,1
70101,SANTA CRUZ DE LA SIERRA,mortalidad,muerte menor de 5 anos por otras causas,2020-12-01,1,0,0,0,0,1,0,0,0,1,0,0,0,0,0,0,0,0,0,0,0,0,0,0,0,0,0,0,0,0,0,0,0,0,0,0,0,0,0,0,1,2,3
10101,SUCRE,mortalidad,muerte menor de 5 anos por otras causas,2020-12-01,1,0,0,0,0,1,0,0,0,0,0,1,0,0,0,0,0,0,0,0,0,0,0,0,0,0,0,0,0,0,0,0,0,0,0,0,0,0,0,0,1,2,3
80101,TRINIDAD,mortalidad,muerte menor de 5 anos por otras causas,2020-12-01,0,0,0,0,1,0,0,0,0,0,1,0,0,0,0,0,0,0,0,0,0,0,0,0,0,0,0,0,0,0,0,0,0,0,0,0,0,0,0,0,2,0,2
60301,YACUIBA,mortalidad,muerte menor de 5 anos por otras causas,2020-12-01,0,1,0,0,0,1,0,0,0,0,0,0,0,0,0,0,0,0,0,0,0,0,0,0,0,0,0,0,0,0,0,0,0,0,0,0,0,0,0,0,0,2,2
