codigo_municipio,municipio,grupo,variable,mes,total,TOTAL-M
31303,ALALAY,alto riesgo obstetrico,parturienta con hijo anterior muerto,2001-01-01,1,1
20202,ANCORAIMES,alto riesgo obstetrico,parturienta con hijo anterior muerto,2001-01-01,1,1
50301,BETANZOS,alto riesgo obstetrico,parturienta con hijo anterior muerto,2001-01-01,1,1
70703,CABEZAS,alto riesgo obstetrico,parturienta con hijo anterior muerto,2001-01-01,1,1
30701,CAPINOTA,alto riesgo obstetrico,parturienta con hijo anterior muerto,2001-01-01,2,2
40201,CHALLAPATA,alto riesgo obstetrico,parturienta con hijo anterior muerto,2001-01-01,1,1
50302,CHAQUI,alto riesgo obstetrico,parturienta con hijo anterior muerto,2001-01-01,1,1
40903,CHIPAYA,alto riesgo obstetrico,parturienta con hijo anterior muerto,2001-01-01,1,1
21101,CHULUMANI (V. DE LA LIBERTAD),alto riesgo obstetrico,parturienta con hijo anterior muerto,2001-01-01,1,1
50401,COLQUECHACA,alto riesgo obstetrico,parturienta con hijo anterior muerto,2001-01-01,2,2
10902,CULPINA,alto riesgo obstetrico,parturienta con hijo anterior muerto,2001-01-01,3,3
20105,EL ALTO,alto riesgo obstetrico,parturienta con hijo anterior muerto,2001-01-01,2,2
71503,EL PUENTE(STC),alto riesgo obstetrico,parturienta con hijo anterior muerto,2001-01-01,1,1
70105,EL TORNO,alto riesgo obstetrico,parturienta con hijo anterior muerto,2001-01-01,1,1
41101,EUCALIPTUS,alto riesgo obstetrico,parturienta con hijo anterior muerto,2001-01-01,1,1
70705,GUTIERREZ,alto riesgo obstetrico,parturienta con hijo anterior muerto,2001-01-01,5,5
21005,ICHOCA,alto riesgo obstetrico,parturienta con hijo anterior muerto,2001-01-01,1,1
10304,ICLA,alto riesgo obstetrico,parturienta con hijo anterior muerto,2001-01-01,1,1
20101,LA PAZ,alto riesgo obstetrico,parturienta con hijo anterior muerto,2001-01-01,1,1
31301,MIZQUE,alto riesgo obstetrico,parturienta con hijo anterior muerto,2001-01-01,2,2
10501,MONTEAGUDO,alto riesgo obstetrico,parturienta con hijo anterior muerto,2001-01-01,3,3
70803,MORO MORO,alto riesgo obstetrico,parturienta con hijo anterior muerto,2001-01-01,1,1
40101,ORURO,alto riesgo obstetrico,parturienta con hijo anterior muerto,2001-01-01,1,1
31203,POCONA,alto riesgo obstetrico,parturienta con hijo anterior muerto,2001-01-01,2,2
31202,POJO (CBBA),alto riesgo obstetrico,parturienta con hijo anterior muerto,2001-01-01,1,1
50101,POTOSI,alto riesgo obstetrico,parturienta con hijo anterior muerto,2001-01-01,1,1
20401,PUERTO ACOSTA,alto riesgo obstetrico,parturienta con hijo anterior muerto,2001-01-01,1,1
71401,PUERTO SUAREZ,alto riesgo obstetrico,parturienta con hijo anterior muerto,2001-01-01,4,4
31205,PUERTO VILLARROEL,alto riesgo obstetrico,parturienta con hijo anterior muerto,2001-01-01,2,2
31403,SAN BENITO,alto riesgo obstetrico,parturienta con hijo anterior muerto,2001-01-01,1,1
70501,SAN JOSE DE CHIQUITOS,alto riesgo obstetrico,parturienta con hijo anterior muerto,2001-01-01,1,1
10702,SAN LUCAS,alto riesgo obstetrico,parturienta con hijo anterior muerto,2001-01-01,2,2
70302,SAN MIGUEL DE VELASCO,alto riesgo obstetrico,parturienta con hijo anterior muerto,2001-01-01,1,1
70101,SANTA CRUZ DE LA SIERRA,alto riesgo obstetrico,parturienta con hijo anterior muerto,2001-01-01,9,9
41401,SANTIAGO DE HUARI,alto riesgo obstetrico,parturienta con hijo anterior muerto,2001-01-01,1,1
20603,TACACOMA,alto riesgo obstetrico,parturienta con hijo anterior muerto,2001-01-01,1,1
50303,TACOBAMBA,alto riesgo obstetrico,parturienta con hijo anterior muerto,2001-01-01,1,1
51402,TAHUA,alto riesgo obstetrico,parturienta con hijo anterior muerto,2001-01-01,2,2
31101,TAPACARI,alto riesgo obstetrico,parturienta con hijo anterior muerto,2001-01-01,2,2
10601,TARABUCO,alto riesgo obstetrico,parturienta con hijo anterior muerto,2001-01-01,6,6
51202,TOMAVE,alto riesgo obstetrico,parturienta con hijo anterior muerto,2001-01-01,1,1
10402,TOMINA,alto riesgo obstetrico,parturienta con hijo anterior muerto,2001-01-01,1,1
31201,TOTORA(CBBA),alto riesgo obstetrico,parturienta con hijo anterior muerto,2001-01-01,2,2
50801,TUPIZA,alto riesgo obstetrico,parturienta con hijo anterior muerto,2001-01-01,4,4
51201,UYUNI,alto riesgo obstetrico,parturienta con hijo anterior muerto,2001-01-01,1,1
30502,VACAS,alto riesgo obstetrico,parturienta con hijo anterior muerto,2001-01-01,2,2
31003,VILLA TUNARI,alto riesgo obstetrico,parturienta con hijo anterior muerto,2001-01-01,1,1
11001,VILLA VACA GUZMAN (MUYUPAMPA),alto riesgo obstetrico,parturienta con hijo anterior muerto,2001-01-01,1,1
51501,VILLAZON,alto riesgo obstetrico,parturienta con hijo anterior muerto,2001-01-01,1,1
70201,WARNES,alto riesgo obstetrico,parturienta con hijo anterior muerto,2001-01-01,2,2
60301,YACUIBA,alto riesgo obstetrico,parturienta con hijo anterior muerto,2001-01-01,1,1
10102,YOTALA,alto riesgo obstetrico,parturienta con hijo anterior muerto,2001-01-01,5,5
10201,AZURDUY,alto riesgo obstetrico,parturienta con hijo anterior muerto,2001-02-01,1,1
60202,BERMEJO,alto riesgo obstetrico,parturienta con hijo anterior muerto,2001-02-01,1,1
50301,BETANZOS,alto riesgo obstetrico,parturienta con hijo anterior muerto,2001-02-01,2,2
10701,CAMARGO,alto riesgo obstetrico,parturienta con hijo anterior muerto,2001-02-01,1,1
30701,CAPINOTA,alto riesgo obstetrico,parturienta con hijo anterior muerto,2001-02-01,1,1
22001,CARANAVI,alto riesgo obstetrico,parturienta con hijo anterior muerto,2001-02-01,1,1
60302,CARAPARI,alto riesgo obstetrico,parturienta con hijo anterior muerto,2001-02-01,1,1
50702,CARIPUYO,alto riesgo obstetrico,parturienta con hijo anterior muerto,2001-02-01,2,2
70702,CHARAGUA,alto riesgo obstetrico,parturienta con hijo anterior muerto,2001-02-01,3,3
50202,CHAYANTA,alto riesgo obstetrico,parturienta con hijo anterior muerto,2001-02-01,2,2
30801,CLIZA,alto riesgo obstetrico,parturienta con hijo anterior muerto,2001-02-01,2,2
21701,COPACABANA,alto riesgo obstetrico,parturienta con hijo anterior muerto,2001-02-01,1,1
10902,CULPINA,alto riesgo obstetrico,parturienta con hijo anterior muerto,2001-02-01,1,1
20105,EL ALTO,alto riesgo obstetrico,parturienta con hijo anterior muerto,2001-02-01,6,6
20602,GUANAY,alto riesgo obstetrico,parturienta con hijo anterior muerto,2001-02-01,1,1
70705,GUTIERREZ,alto riesgo obstetrico,parturienta con hijo anterior muerto,2001-02-01,1,1
10502,HUACARETA,alto riesgo obstetrico,parturienta con hijo anterior muerto,2001-02-01,1,1
40701,HUANUNI,alto riesgo obstetrico,parturienta con hijo anterior muerto,2001-02-01,2,2
21005,ICHOCA,alto riesgo obstetrico,parturienta con hijo anterior muerto,2001-02-01,1,1
10304,ICLA,alto riesgo obstetrico,parturienta con hijo anterior muerto,2001-02-01,2,2
20101,LA PAZ,alto riesgo obstetrico,parturienta con hijo anterior muerto,2001-02-01,1,1
70701,LAGUNILLAS,alto riesgo obstetrico,parturienta con hijo anterior muerto,2001-02-01,1,1
11003,MACHARETI,alto riesgo obstetrico,parturienta con hijo anterior muerto,2001-02-01,2,2
71003,MINEROS,alto riesgo obstetrico,parturienta con hijo anterior muerto,2001-02-01,2,2
31301,MIZQUE,alto riesgo obstetrico,parturienta con hijo anterior muerto,2001-02-01,1,1
51002,MOJINETE,alto riesgo obstetrico,parturienta con hijo anterior muerto,2001-02-01,1,1
71001,MONTERO,alto riesgo obstetrico,parturienta con hijo anterior muerto,2001-02-01,9,9
40101,ORURO,alto riesgo obstetrico,parturienta con hijo anterior muerto,2001-02-01,8,8
60201,PADCAYA,alto riesgo obstetrico,parturienta con hijo anterior muerto,2001-02-01,1,1
40602,PAZÑA,alto riesgo obstetrico,parturienta con hijo anterior muerto,2001-02-01,1,1
21201,PUCARANI,alto riesgo obstetrico,parturienta con hijo anterior muerto,2001-02-01,1,1
71401,PUERTO SUAREZ,alto riesgo obstetrico,parturienta con hijo anterior muerto,2001-02-01,2,2
31205,PUERTO VILLARROEL,alto riesgo obstetrico,parturienta con hijo anterior muerto,2001-02-01,2,2
51101,PUNA,alto riesgo obstetrico,parturienta con hijo anterior muerto,2001-02-01,1,1
30901,QUILLACOLLO,alto riesgo obstetrico,parturienta con hijo anterior muerto,2001-02-01,1,1
31001,SACABA,alto riesgo obstetrico,parturienta con hijo anterior muerto,2001-02-01,1,1
50701,SACACA,alto riesgo obstetrico,parturienta con hijo anterior muerto,2001-02-01,3,3
80302,SAN BORJA,alto riesgo obstetrico,parturienta con hijo anterior muerto,2001-02-01,2,2
70301,SAN IGNACIO DE VELASCO,alto riesgo obstetrico,parturienta con hijo anterior muerto,2001-02-01,1,1
70501,SAN JOSE DE CHIQUITOS,alto riesgo obstetrico,parturienta con hijo anterior muerto,2001-02-01,2,2
80702,SAN RAMON,alto riesgo obstetrico,parturienta con hijo anterior muerto,2001-02-01,1,1
30702,SANTIVAÑES,alto riesgo obstetrico,parturienta con hijo anterior muerto,2001-02-01,1,1
10601,TARABUCO,alto riesgo obstetrico,parturienta con hijo anterior muerto,2001-02-01,7,7
30903,TIQUIPAYA,alto riesgo obstetrico,parturienta con hijo anterior muerto,2001-02-01,1,1
50502,TORO TORO,alto riesgo obstetrico,parturienta con hijo anterior muerto,2001-02-01,1,1
50801,TUPIZA,alto riesgo obstetrico,parturienta con hijo anterior muerto,2001-02-01,1,1
30502,VACAS,alto riesgo obstetrico,parturienta con hijo anterior muerto,2001-02-01,1,1
20801,VIACHA,alto riesgo obstetrico,parturienta con hijo anterior muerto,2001-02-01,1,1
31003,VILLA TUNARI,alto riesgo obstetrico,parturienta con hijo anterior muerto,2001-02-01,1,1
51501,VILLAZON,alto riesgo obstetrico,parturienta con hijo anterior muerto,2001-02-01,2,2
60301,YACUIBA,alto riesgo obstetrico,parturienta con hijo anterior muerto,2001-02-01,6,6
60402,YUNCHARA,alto riesgo obstetrico,parturienta con hijo anterior muerto,2001-02-01,1,1
20201,ACHACACHI,alto riesgo obstetrico,parturienta con hijo anterior muerto,2001-03-01,2,2
30301,AYOPAYA (V. DE INDEPENDENCIA),alto riesgo obstetrico,parturienta con hijo anterior muerto,2001-03-01,1,1
10201,AZURDUY,alto riesgo obstetrico,parturienta con hijo anterior muerto,2001-03-01,1,1
60202,BERMEJO,alto riesgo obstetrico,parturienta con hijo anterior muerto,2001-03-01,4,4
10701,CAMARGO,alto riesgo obstetrico,parturienta con hijo anterior muerto,2001-03-01,2,2
30701,CAPINOTA,alto riesgo obstetrico,parturienta con hijo anterior muerto,2001-03-01,2,2
22001,CARANAVI,alto riesgo obstetrico,parturienta con hijo anterior muerto,2001-03-01,4,4
60302,CARAPARI,alto riesgo obstetrico,parturienta con hijo anterior muerto,2001-03-01,1,1
50302,CHAQUI,alto riesgo obstetrico,parturienta con hijo anterior muerto,2001-03-01,1,1
70702,CHARAGUA,alto riesgo obstetrico,parturienta con hijo anterior muerto,2001-03-01,2,2
50202,CHAYANTA,alto riesgo obstetrico,parturienta con hijo anterior muerto,2001-03-01,4,4
40903,CHIPAYA,alto riesgo obstetrico,parturienta con hijo anterior muerto,2001-03-01,1,1
30801,CLIZA,alto riesgo obstetrico,parturienta con hijo anterior muerto,2001-03-01,3,3
30101,COCHABAMBA,alto riesgo obstetrico,parturienta con hijo anterior muerto,2001-03-01,4,4
50401,COLQUECHACA,alto riesgo obstetrico,parturienta con hijo anterior muerto,2001-03-01,2,2
20304,COMANCHE,alto riesgo obstetrico,parturienta con hijo anterior muerto,2001-03-01,1,1
10902,CULPINA,alto riesgo obstetrico,parturienta con hijo anterior muerto,2001-03-01,1,1
20105,EL ALTO,alto riesgo obstetrico,parturienta con hijo anterior muerto,2001-03-01,7,7
71002,GENERAL SAAVEDRA,alto riesgo obstetrico,parturienta con hijo anterior muerto,2001-03-01,5,5
20802,GUAQUI,alto riesgo obstetrico,parturienta con hijo anterior muerto,2001-03-01,1,1
41601,HUAYLLAMARCA,alto riesgo obstetrico,parturienta con hijo anterior muerto,2001-03-01,2,2
21005,ICHOCA,alto riesgo obstetrico,parturienta con hijo anterior muerto,2001-03-01,1,1
70104,LA GUARDIA,alto riesgo obstetrico,parturienta con hijo anterior muerto,2001-03-01,2,2
11003,MACHARETI,alto riesgo obstetrico,parturienta con hijo anterior muerto,2001-03-01,1,1
71003,MINEROS,alto riesgo obstetrico,parturienta con hijo anterior muerto,2001-03-01,1,1
71001,MONTERO,alto riesgo obstetrico,parturienta con hijo anterior muerto,2001-03-01,10,10
40101,ORURO,alto riesgo obstetrico,parturienta con hijo anterior muerto,2001-03-01,17,17
60201,PADCAYA,alto riesgo obstetrico,parturienta con hijo anterior muerto,2001-03-01,1,1
21104,PALOS BLANCOS,alto riesgo obstetrico,parturienta con hijo anterior muerto,2001-03-01,1,1
31202,POJO (CBBA),alto riesgo obstetrico,parturienta con hijo anterior muerto,2001-03-01,4,4
51203,PORCO,alto riesgo obstetrico,parturienta con hijo anterior muerto,2001-03-01,1,1
10103,POROMA,alto riesgo obstetrico,parturienta con hijo anterior muerto,2001-03-01,1,1
10302,PRESTO,alto riesgo obstetrico,parturienta con hijo anterior muerto,2001-03-01,2,2
21201,PUCARANI,alto riesgo obstetrico,parturienta con hijo anterior muerto,2001-03-01,1,1
71401,PUERTO SUAREZ,alto riesgo obstetrico,parturienta con hijo anterior muerto,2001-03-01,6,6
31205,PUERTO VILLARROEL,alto riesgo obstetrico,parturienta con hijo anterior muerto,2001-03-01,1,1
51101,PUNA,alto riesgo obstetrico,parturienta con hijo anterior muerto,2001-03-01,3,3
31001,SACABA,alto riesgo obstetrico,parturienta con hijo anterior muerto,2001-03-01,3,3
50701,SACACA,alto riesgo obstetrico,parturienta con hijo anterior muerto,2001-03-01,1,1
80302,SAN BORJA,alto riesgo obstetrico,parturienta con hijo anterior muerto,2001-03-01,1,1
70402,SAN CARLOS,alto riesgo obstetrico,parturienta con hijo anterior muerto,2001-03-01,2,2
70301,SAN IGNACIO DE VELASCO,alto riesgo obstetrico,parturienta con hijo anterior muerto,2001-03-01,1,1
71104,SAN JULIAN,alto riesgo obstetrico,parturienta con hijo anterior muerto,2001-03-01,2,2
10702,SAN LUCAS,alto riesgo obstetrico,parturienta con hijo anterior muerto,2001-03-01,2,2
70101,SANTA CRUZ DE LA SIERRA,alto riesgo obstetrico,parturienta con hijo anterior muerto,2001-03-01,9,9
80303,SANTA ROSA,alto riesgo obstetrico,parturienta con hijo anterior muerto,2001-03-01,2,2
41401,SANTIAGO DE HUARI,alto riesgo obstetrico,parturienta con hijo anterior muerto,2001-03-01,1,1
30703,SICAYA,alto riesgo obstetrico,parturienta con hijo anterior muerto,2001-03-01,2,2
10403,SOPACHUY,alto riesgo obstetrico,parturienta con hijo anterior muerto,2001-03-01,2,2
10101,SUCRE,alto riesgo obstetrico,parturienta con hijo anterior muerto,2001-03-01,5,5
31404,TACACHI,alto riesgo obstetrico,parturienta con hijo anterior muerto,2001-03-01,1,1
20603,TACACOMA,alto riesgo obstetrico,parturienta con hijo anterior muerto,2001-03-01,1,1
31101,TAPACARI,alto riesgo obstetrico,parturienta con hijo anterior muerto,2001-03-01,2,2
10601,TARABUCO,alto riesgo obstetrico,parturienta con hijo anterior muerto,2001-03-01,2,2
10202,TARVITA,alto riesgo obstetrico,parturienta con hijo anterior muerto,2001-03-01,2,2
51202,TOMAVE,alto riesgo obstetrico,parturienta con hijo anterior muerto,2001-03-01,1,1
10402,TOMINA,alto riesgo obstetrico,parturienta con hijo anterior muerto,2001-03-01,1,1
50502,TORO TORO,alto riesgo obstetrico,parturienta con hijo anterior muerto,2001-03-01,1,1
31302,VILA VILA,alto riesgo obstetrico,parturienta con hijo anterior muerto,2001-03-01,1,1
60303,VILLA MONTES,alto riesgo obstetrico,parturienta con hijo anterior muerto,2001-03-01,1,1
10801,VILLA SERRANO,alto riesgo obstetrico,parturienta con hijo anterior muerto,2001-03-01,1,1
31003,VILLA TUNARI,alto riesgo obstetrico,parturienta con hijo anterior muerto,2001-03-01,2,2
51501,VILLAZON,alto riesgo obstetrico,parturienta con hijo anterior muerto,2001-03-01,7,7
70201,WARNES,alto riesgo obstetrico,parturienta con hijo anterior muerto,2001-03-01,5,5
60301,YACUIBA,alto riesgo obstetrico,parturienta con hijo anterior muerto,2001-03-01,8,8
60402,YUNCHARA,alto riesgo obstetrico,parturienta con hijo anterior muerto,2001-03-01,1,1
20201,ACHACACHI,alto riesgo obstetrico,parturienta con hijo anterior muerto,2001-04-01,1,1
30403,ARBIETO,alto riesgo obstetrico,parturienta con hijo anterior muerto,2001-04-01,1,1
60202,BERMEJO,alto riesgo obstetrico,parturienta con hijo anterior muerto,2001-04-01,2,2
51102,"CAIZA ""D""",alto riesgo obstetrico,parturienta con hijo anterior muerto,2001-04-01,2,2
70706,CAMIRI,alto riesgo obstetrico,parturienta con hijo anterior muerto,2001-04-01,3,3
20302,CAQUIAVIRI,alto riesgo obstetrico,parturienta con hijo anterior muerto,2001-04-01,2,2
70702,CHARAGUA,alto riesgo obstetrico,parturienta con hijo anterior muerto,2001-04-01,3,3
40903,CHIPAYA,alto riesgo obstetrico,parturienta con hijo anterior muerto,2001-04-01,1,1
90101,COBIJA,alto riesgo obstetrico,parturienta con hijo anterior muerto,2001-04-01,1,1
30905,COLCAPIRHUA,alto riesgo obstetrico,parturienta con hijo anterior muerto,2001-04-01,1,1
10902,CULPINA,alto riesgo obstetrico,parturienta con hijo anterior muerto,2001-04-01,1,1
20105,EL ALTO,alto riesgo obstetrico,parturienta con hijo anterior muerto,2001-04-01,4,4
60502,EL PUENTE(TJA),alto riesgo obstetrico,parturienta con hijo anterior muerto,2001-04-01,2,2
10502,HUACARETA,alto riesgo obstetrico,parturienta con hijo anterior muerto,2001-04-01,1,1
50203,LLALLAGUA,alto riesgo obstetrico,parturienta con hijo anterior muerto,2001-04-01,1,1
71003,MINEROS,alto riesgo obstetrico,parturienta con hijo anterior muerto,2001-04-01,1,1
31301,MIZQUE,alto riesgo obstetrico,parturienta con hijo anterior muerto,2001-04-01,1,1
10303,MOJOCOYA,alto riesgo obstetrico,parturienta con hijo anterior muerto,2001-04-01,1,1
10501,MONTEAGUDO,alto riesgo obstetrico,parturienta con hijo anterior muerto,2001-04-01,2,2
71001,MONTERO,alto riesgo obstetrico,parturienta con hijo anterior muerto,2001-04-01,19,19
40101,ORURO,alto riesgo obstetrico,parturienta con hijo anterior muerto,2001-04-01,7,7
60201,PADCAYA,alto riesgo obstetrico,parturienta con hijo anterior muerto,2001-04-01,1,1
21104,PALOS BLANCOS,alto riesgo obstetrico,parturienta con hijo anterior muerto,2001-04-01,2,2
31202,POJO (CBBA),alto riesgo obstetrico,parturienta con hijo anterior muerto,2001-04-01,1,1
10302,PRESTO,alto riesgo obstetrico,parturienta con hijo anterior muerto,2001-04-01,2,2
71401,PUERTO SUAREZ,alto riesgo obstetrico,parturienta con hijo anterior muerto,2001-04-01,6,6
31205,PUERTO VILLARROEL,alto riesgo obstetrico,parturienta con hijo anterior muerto,2001-04-01,1,1
51101,PUNA,alto riesgo obstetrico,parturienta con hijo anterior muerto,2001-04-01,1,1
30901,QUILLACOLLO,alto riesgo obstetrico,parturienta con hijo anterior muerto,2001-04-01,1,1
70503,ROBORE,alto riesgo obstetrico,parturienta con hijo anterior muerto,2001-04-01,1,1
71105,SAN ANTONIO DE LOMERIO,alto riesgo obstetrico,parturienta con hijo anterior muerto,2001-04-01,1,1
31403,SAN BENITO,alto riesgo obstetrico,parturienta con hijo anterior muerto,2001-04-01,2,2
80302,SAN BORJA,alto riesgo obstetrico,parturienta con hijo anterior muerto,2001-04-01,1,1
70402,SAN CARLOS,alto riesgo obstetrico,parturienta con hijo anterior muerto,2001-04-01,1,1
80701,SAN JOAQUIN,alto riesgo obstetrico,parturienta con hijo anterior muerto,2001-04-01,1,1
70501,SAN JOSE DE CHIQUITOS,alto riesgo obstetrico,parturienta con hijo anterior muerto,2001-04-01,2,2
71201,SAN MATIAS,alto riesgo obstetrico,parturienta con hijo anterior muerto,2001-04-01,1,1
70302,SAN MIGUEL DE VELASCO,alto riesgo obstetrico,parturienta con hijo anterior muerto,2001-04-01,1,1
70101,SANTA CRUZ DE LA SIERRA,alto riesgo obstetrico,parturienta con hijo anterior muerto,2001-04-01,1,1
70602,SANTA ROSA DEL SARA,alto riesgo obstetrico,parturienta con hijo anterior muerto,2001-04-01,1,1
30702,SANTIVAÑES,alto riesgo obstetrico,parturienta con hijo anterior muerto,2001-04-01,1,1
30703,SICAYA,alto riesgo obstetrico,parturienta con hijo anterior muerto,2001-04-01,1,1
30902,SIPE SIPE,alto riesgo obstetrico,parturienta con hijo anterior muerto,2001-04-01,1,1
10403,SOPACHUY,alto riesgo obstetrico,parturienta con hijo anterior muerto,2001-04-01,1,1
10101,SUCRE,alto riesgo obstetrico,parturienta con hijo anterior muerto,2001-04-01,2,2
51402,TAHUA,alto riesgo obstetrico,parturienta con hijo anterior muerto,2001-04-01,1,1
10601,TARABUCO,alto riesgo obstetrico,parturienta con hijo anterior muerto,2001-04-01,1,1
50102,TINGUIPAYA,alto riesgo obstetrico,parturienta con hijo anterior muerto,2001-04-01,1,1
31601,TIRAQUE (CBBA),alto riesgo obstetrico,parturienta con hijo anterior muerto,2001-04-01,1,1
50801,TUPIZA,alto riesgo obstetrico,parturienta con hijo anterior muerto,2001-04-01,1,1
51501,VILLAZON,alto riesgo obstetrico,parturienta con hijo anterior muerto,2001-04-01,2,2
30904,VINTO,alto riesgo obstetrico,parturienta con hijo anterior muerto,2001-04-01,1,1
50602,VITICHI,alto riesgo obstetrico,parturienta con hijo anterior muerto,2001-04-01,2,2
70201,WARNES,alto riesgo obstetrico,parturienta con hijo anterior muerto,2001-04-01,1,1
60301,YACUIBA,alto riesgo obstetrico,parturienta con hijo anterior muerto,2001-04-01,2,2
20201,ACHACACHI,alto riesgo obstetrico,parturienta con hijo anterior muerto,2001-05-01,1,1
71501,ASCENCION DE GUARAYOS,alto riesgo obstetrico,parturienta con hijo anterior muerto,2001-05-01,1,1
20502,AYATA,alto riesgo obstetrico,parturienta con hijo anterior muerto,2001-05-01,1,1
30301,AYOPAYA (V. DE INDEPENDENCIA),alto riesgo obstetrico,parturienta con hijo anterior muerto,2001-05-01,1,1
10201,AZURDUY,alto riesgo obstetrico,parturienta con hijo anterior muerto,2001-05-01,1,1
60202,BERMEJO,alto riesgo obstetrico,parturienta con hijo anterior muerto,2001-05-01,3,3
50301,BETANZOS,alto riesgo obstetrico,parturienta con hijo anterior muerto,2001-05-01,2,2
31501,BOLIVAR,alto riesgo obstetrico,parturienta con hijo anterior muerto,2001-05-01,3,3
70401,BUENA VISTA,alto riesgo obstetrico,parturienta con hijo anterior muerto,2001-05-01,2,2
10701,CAMARGO,alto riesgo obstetrico,parturienta con hijo anterior muerto,2001-05-01,1,1
30701,CAPINOTA,alto riesgo obstetrico,parturienta con hijo anterior muerto,2001-05-01,3,3
20302,CAQUIAVIRI,alto riesgo obstetrico,parturienta con hijo anterior muerto,2001-05-01,1,1
70702,CHARAGUA,alto riesgo obstetrico,parturienta con hijo anterior muerto,2001-05-01,2,2
30101,COCHABAMBA,alto riesgo obstetrico,parturienta con hijo anterior muerto,2001-05-01,2,2
30905,COLCAPIRHUA,alto riesgo obstetrico,parturienta con hijo anterior muerto,2001-05-01,1,1
31002,COLOMI,alto riesgo obstetrico,parturienta con hijo anterior muerto,2001-05-01,1,1
21004,COLQUIRI,alto riesgo obstetrico,parturienta con hijo anterior muerto,2001-05-01,1,1
21402,CORIPATA,alto riesgo obstetrico,parturienta con hijo anterior muerto,2001-05-01,1,1
70102,COTOCA,alto riesgo obstetrico,parturienta con hijo anterior muerto,2001-05-01,2,2
10902,CULPINA,alto riesgo obstetrico,parturienta con hijo anterior muerto,2001-05-01,4,4
20105,EL ALTO,alto riesgo obstetrico,parturienta con hijo anterior muerto,2001-05-01,9,9
41101,EUCALIPTUS,alto riesgo obstetrico,parturienta con hijo anterior muerto,2001-05-01,1,1
80202,GUAYARAMERIN,alto riesgo obstetrico,parturienta con hijo anterior muerto,2001-05-01,1,1
10502,HUACARETA,alto riesgo obstetrico,parturienta con hijo anterior muerto,2001-05-01,2,2
40701,HUANUNI,alto riesgo obstetrico,parturienta con hijo anterior muerto,2001-05-01,1,1
41601,HUAYLLAMARCA,alto riesgo obstetrico,parturienta con hijo anterior muerto,2001-05-01,4,4
21102,IRUPANA (VILLA DE LANZA),alto riesgo obstetrico,parturienta con hijo anterior muerto,2001-05-01,1,1
70104,LA GUARDIA,alto riesgo obstetrico,parturienta con hijo anterior muerto,2001-05-01,1,1
50203,LLALLAGUA,alto riesgo obstetrico,parturienta con hijo anterior muerto,2001-05-01,1,1
11003,MACHARETI,alto riesgo obstetrico,parturienta con hijo anterior muerto,2001-05-01,1,1
71003,MINEROS,alto riesgo obstetrico,parturienta con hijo anterior muerto,2001-05-01,1,1
20402,MOCOMOCO,alto riesgo obstetrico,parturienta con hijo anterior muerto,2001-05-01,1,1
10501,MONTEAGUDO,alto riesgo obstetrico,parturienta con hijo anterior muerto,2001-05-01,2,2
71001,MONTERO,alto riesgo obstetrico,parturienta con hijo anterior muerto,2001-05-01,7,7
40101,ORURO,alto riesgo obstetrico,parturienta con hijo anterior muerto,2001-05-01,12,12
21305,PATACAMAYA,alto riesgo obstetrico,parturienta con hijo anterior muerto,2001-05-01,2,2
10103,POROMA,alto riesgo obstetrico,parturienta con hijo anterior muerto,2001-05-01,1,1
50101,POTOSI,alto riesgo obstetrico,parturienta con hijo anterior muerto,2001-05-01,1,1
21204,PUERTO PEREZ,alto riesgo obstetrico,parturienta con hijo anterior muerto,2001-05-01,1,1
71401,PUERTO SUAREZ,alto riesgo obstetrico,parturienta con hijo anterior muerto,2001-05-01,12,12
31205,PUERTO VILLARROEL,alto riesgo obstetrico,parturienta con hijo anterior muerto,2001-05-01,3,3
31401,PUNATA,alto riesgo obstetrico,parturienta con hijo anterior muerto,2001-05-01,1,1
31001,SACABA,alto riesgo obstetrico,parturienta con hijo anterior muerto,2001-05-01,2,2
70501,SAN JOSE DE CHIQUITOS,alto riesgo obstetrico,parturienta con hijo anterior muerto,2001-05-01,2,2
71104,SAN JULIAN,alto riesgo obstetrico,parturienta con hijo anterior muerto,2001-05-01,1,1
70302,SAN MIGUEL DE VELASCO,alto riesgo obstetrico,parturienta con hijo anterior muerto,2001-05-01,1,1
50902,SAN PEDRO DE QUEMES,alto riesgo obstetrico,parturienta con hijo anterior muerto,2001-05-01,1,1
70101,SANTA CRUZ DE LA SIERRA,alto riesgo obstetrico,parturienta con hijo anterior muerto,2001-05-01,5,5
70602,SANTA ROSA DEL SARA,alto riesgo obstetrico,parturienta con hijo anterior muerto,2001-05-01,1,1
20308,SANTIAGO DE CALLAPA,alto riesgo obstetrico,parturienta con hijo anterior muerto,2001-05-01,1,1
40202,SANTUARIO DE QUILLACAS,alto riesgo obstetrico,parturienta con hijo anterior muerto,2001-05-01,1,1
30703,SICAYA,alto riesgo obstetrico,parturienta con hijo anterior muerto,2001-05-01,1,1
30902,SIPE SIPE,alto riesgo obstetrico,parturienta con hijo anterior muerto,2001-05-01,4,4
10403,SOPACHUY,alto riesgo obstetrico,parturienta con hijo anterior muerto,2001-05-01,1,1
10101,SUCRE,alto riesgo obstetrico,parturienta con hijo anterior muerto,2001-05-01,6,6
10601,TARABUCO,alto riesgo obstetrico,parturienta con hijo anterior muerto,2001-05-01,1,1
50102,TINGUIPAYA,alto riesgo obstetrico,parturienta con hijo anterior muerto,2001-05-01,1,1
31601,TIRAQUE (CBBA),alto riesgo obstetrico,parturienta con hijo anterior muerto,2001-05-01,3,3
51202,TOMAVE,alto riesgo obstetrico,parturienta con hijo anterior muerto,2001-05-01,1,1
31201,TOTORA(CBBA),alto riesgo obstetrico,parturienta con hijo anterior muerto,2001-05-01,1,1
50801,TUPIZA,alto riesgo obstetrico,parturienta con hijo anterior muerto,2001-05-01,2,2
60401,URIONDO (A. CONCEPCION),alto riesgo obstetrico,parturienta con hijo anterior muerto,2001-05-01,1,1
30502,VACAS,alto riesgo obstetrico,parturienta con hijo anterior muerto,2001-05-01,4,4
60303,VILLA MONTES,alto riesgo obstetrico,parturienta con hijo anterior muerto,2001-05-01,3,3
10801,VILLA SERRANO,alto riesgo obstetrico,parturienta con hijo anterior muerto,2001-05-01,2,2
31003,VILLA TUNARI,alto riesgo obstetrico,parturienta con hijo anterior muerto,2001-05-01,3,3
11001,VILLA VACA GUZMAN (MUYUPAMPA),alto riesgo obstetrico,parturienta con hijo anterior muerto,2001-05-01,2,2
50602,VITICHI,alto riesgo obstetrico,parturienta con hijo anterior muerto,2001-05-01,1,1
70201,WARNES,alto riesgo obstetrico,parturienta con hijo anterior muerto,2001-05-01,4,4
60301,YACUIBA,alto riesgo obstetrico,parturienta con hijo anterior muerto,2001-05-01,15,15
10602,YAMPARAEZ,alto riesgo obstetrico,parturienta con hijo anterior muerto,2001-05-01,1,1
10301,ZUDAÑEZ,alto riesgo obstetrico,parturienta con hijo anterior muerto,2001-05-01,1,1
30402,ANZALDO,alto riesgo obstetrico,parturienta con hijo anterior muerto,2001-06-01,1,1
30301,AYOPAYA (V. DE INDEPENDENCIA),alto riesgo obstetrico,parturienta con hijo anterior muerto,2001-06-01,1,1
60202,BERMEJO,alto riesgo obstetrico,parturienta con hijo anterior muerto,2001-06-01,5,5
50301,BETANZOS,alto riesgo obstetrico,parturienta con hijo anterior muerto,2001-06-01,1,1
20303,CALACOTO,alto riesgo obstetrico,parturienta con hijo anterior muerto,2001-06-01,2,2
10701,CAMARGO,alto riesgo obstetrico,parturienta con hijo anterior muerto,2001-06-01,2,2
50702,CARIPUYO,alto riesgo obstetrico,parturienta con hijo anterior muerto,2001-06-01,1,1
50202,CHAYANTA,alto riesgo obstetrico,parturienta con hijo anterior muerto,2001-06-01,1,1
21004,COLQUIRI,alto riesgo obstetrico,parturienta con hijo anterior muerto,2001-06-01,2,2
10902,CULPINA,alto riesgo obstetrico,parturienta con hijo anterior muerto,2001-06-01,1,1
20105,EL ALTO,alto riesgo obstetrico,parturienta con hijo anterior muerto,2001-06-01,1,1
41101,EUCALIPTUS,alto riesgo obstetrico,parturienta con hijo anterior muerto,2001-06-01,1,1
80202,GUAYARAMERIN,alto riesgo obstetrico,parturienta con hijo anterior muerto,2001-06-01,1,1
10502,HUACARETA,alto riesgo obstetrico,parturienta con hijo anterior muerto,2001-06-01,1,1
40701,HUANUNI,alto riesgo obstetrico,parturienta con hijo anterior muerto,2001-06-01,2,2
10703,INCAHUASI,alto riesgo obstetrico,parturienta con hijo anterior muerto,2001-06-01,1,1
20101,LA PAZ,alto riesgo obstetrico,parturienta con hijo anterior muerto,2001-06-01,1,1
70701,LAGUNILLAS,alto riesgo obstetrico,parturienta con hijo anterior muerto,2001-06-01,1,1
50203,LLALLAGUA,alto riesgo obstetrico,parturienta con hijo anterior muerto,2001-06-01,2,2
70903,MAIRANA,alto riesgo obstetrico,parturienta con hijo anterior muerto,2001-06-01,1,1
71003,MINEROS,alto riesgo obstetrico,parturienta con hijo anterior muerto,2001-06-01,3,3
71001,MONTERO,alto riesgo obstetrico,parturienta con hijo anterior muerto,2001-06-01,4,4
40101,ORURO,alto riesgo obstetrico,parturienta con hijo anterior muerto,2001-06-01,13,13
10103,POROMA,alto riesgo obstetrico,parturienta con hijo anterior muerto,2001-06-01,1,1
70601,PORTACHUELO,alto riesgo obstetrico,parturienta con hijo anterior muerto,2001-06-01,3,3
71401,PUERTO SUAREZ,alto riesgo obstetrico,parturienta con hijo anterior muerto,2001-06-01,4,4
51101,PUNA,alto riesgo obstetrico,parturienta con hijo anterior muerto,2001-06-01,3,3
30901,QUILLACOLLO,alto riesgo obstetrico,parturienta con hijo anterior muerto,2001-06-01,2,2
70503,ROBORE,alto riesgo obstetrico,parturienta con hijo anterior muerto,2001-06-01,1,1
31403,SAN BENITO,alto riesgo obstetrico,parturienta con hijo anterior muerto,2001-06-01,2,2
10702,SAN LUCAS,alto riesgo obstetrico,parturienta con hijo anterior muerto,2001-06-01,1,1
70302,SAN MIGUEL DE VELASCO,alto riesgo obstetrico,parturienta con hijo anterior muerto,2001-06-01,1,1
80702,SAN RAMON,alto riesgo obstetrico,parturienta con hijo anterior muerto,2001-06-01,3,3
70101,SANTA CRUZ DE LA SIERRA,alto riesgo obstetrico,parturienta con hijo anterior muerto,2001-06-01,6,6
20601,SORATA,alto riesgo obstetrico,parturienta con hijo anterior muerto,2001-06-01,1,1
10101,SUCRE,alto riesgo obstetrico,parturienta con hijo anterior muerto,2001-06-01,2,2
10601,TARABUCO,alto riesgo obstetrico,parturienta con hijo anterior muerto,2001-06-01,1,1
51202,TOMAVE,alto riesgo obstetrico,parturienta con hijo anterior muerto,2001-06-01,1,1
80101,TRINIDAD,alto riesgo obstetrico,parturienta con hijo anterior muerto,2001-06-01,1,1
50801,TUPIZA,alto riesgo obstetrico,parturienta con hijo anterior muerto,2001-06-01,2,2
50201,UNCIA,alto riesgo obstetrico,parturienta con hijo anterior muerto,2001-06-01,1,1
60303,VILLA MONTES,alto riesgo obstetrico,parturienta con hijo anterior muerto,2001-06-01,1,1
10801,VILLA SERRANO,alto riesgo obstetrico,parturienta con hijo anterior muerto,2001-06-01,1,1
31003,VILLA TUNARI,alto riesgo obstetrico,parturienta con hijo anterior muerto,2001-06-01,10,10
11001,VILLA VACA GUZMAN (MUYUPAMPA),alto riesgo obstetrico,parturienta con hijo anterior muerto,2001-06-01,1,1
51501,VILLAZON,alto riesgo obstetrico,parturienta con hijo anterior muerto,2001-06-01,3,3
30904,VINTO,alto riesgo obstetrico,parturienta con hijo anterior muerto,2001-06-01,2,2
60301,YACUIBA,alto riesgo obstetrico,parturienta con hijo anterior muerto,2001-06-01,8,8
10602,YAMPARAEZ,alto riesgo obstetrico,parturienta con hijo anterior muerto,2001-06-01,1,1
30601,ARQUE,alto riesgo obstetrico,parturienta con hijo anterior muerto,2001-07-01,1,1
30301,AYOPAYA (V. DE INDEPENDENCIA),alto riesgo obstetrico,parturienta con hijo anterior muerto,2001-07-01,1,1
60202,BERMEJO,alto riesgo obstetrico,parturienta con hijo anterior muerto,2001-07-01,1,1
50301,BETANZOS,alto riesgo obstetrico,parturienta con hijo anterior muerto,2001-07-01,4,4
70401,BUENA VISTA,alto riesgo obstetrico,parturienta con hijo anterior muerto,2001-07-01,1,1
10701,CAMARGO,alto riesgo obstetrico,parturienta con hijo anterior muerto,2001-07-01,2,2
70706,CAMIRI,alto riesgo obstetrico,parturienta con hijo anterior muerto,2001-07-01,2,2
30701,CAPINOTA,alto riesgo obstetrico,parturienta con hijo anterior muerto,2001-07-01,4,4
40102,CARACOLLO,alto riesgo obstetrico,parturienta con hijo anterior muerto,2001-07-01,1,1
50202,CHAYANTA,alto riesgo obstetrico,parturienta con hijo anterior muerto,2001-07-01,1,1
21101,CHULUMANI (V. DE LA LIBERTAD),alto riesgo obstetrico,parturienta con hijo anterior muerto,2001-07-01,1,1
90101,COBIJA,alto riesgo obstetrico,parturienta con hijo anterior muerto,2001-07-01,1,1
31002,COLOMI,alto riesgo obstetrico,parturienta con hijo anterior muerto,2001-07-01,1,1
50601,COTAGAITA,alto riesgo obstetrico,parturienta con hijo anterior muerto,2001-07-01,1,1
20105,EL ALTO,alto riesgo obstetrico,parturienta con hijo anterior muerto,2001-07-01,6,6
70105,EL TORNO,alto riesgo obstetrico,parturienta con hijo anterior muerto,2001-07-01,1,1
40701,HUANUNI,alto riesgo obstetrico,parturienta con hijo anterior muerto,2001-07-01,1,1
20101,LA PAZ,alto riesgo obstetrico,parturienta con hijo anterior muerto,2001-07-01,1,1
70903,MAIRANA,alto riesgo obstetrico,parturienta con hijo anterior muerto,2001-07-01,1,1
71003,MINEROS,alto riesgo obstetrico,parturienta con hijo anterior muerto,2001-07-01,4,4
10501,MONTEAGUDO,alto riesgo obstetrico,parturienta con hijo anterior muerto,2001-07-01,6,6
71001,MONTERO,alto riesgo obstetrico,parturienta con hijo anterior muerto,2001-07-01,2,2
30203,OMEREQUE,alto riesgo obstetrico,parturienta con hijo anterior muerto,2001-07-01,1,1
40101,ORURO,alto riesgo obstetrico,parturienta con hijo anterior muerto,2001-07-01,14,14
31202,POJO (CBBA),alto riesgo obstetrico,parturienta con hijo anterior muerto,2001-07-01,1,1
51101,PUNA,alto riesgo obstetrico,parturienta con hijo anterior muerto,2001-07-01,2,2
30901,QUILLACOLLO,alto riesgo obstetrico,parturienta con hijo anterior muerto,2001-07-01,1,1
70402,SAN CARLOS,alto riesgo obstetrico,parturienta con hijo anterior muerto,2001-07-01,1,1
80501,SAN IGNACIO,alto riesgo obstetrico,parturienta con hijo anterior muerto,2001-07-01,1,1
70301,SAN IGNACIO DE VELASCO,alto riesgo obstetrico,parturienta con hijo anterior muerto,2001-07-01,3,3
71104,SAN JULIAN,alto riesgo obstetrico,parturienta con hijo anterior muerto,2001-07-01,2,2
70101,SANTA CRUZ DE LA SIERRA,alto riesgo obstetrico,parturienta con hijo anterior muerto,2001-07-01,7,7
30703,SICAYA,alto riesgo obstetrico,parturienta con hijo anterior muerto,2001-07-01,1,1
30902,SIPE SIPE,alto riesgo obstetrico,parturienta con hijo anterior muerto,2001-07-01,3,3
10403,SOPACHUY,alto riesgo obstetrico,parturienta con hijo anterior muerto,2001-07-01,1,1
10101,SUCRE,alto riesgo obstetrico,parturienta con hijo anterior muerto,2001-07-01,1,1
30602,TACOPAYA,alto riesgo obstetrico,parturienta con hijo anterior muerto,2001-07-01,1,1
10601,TARABUCO,alto riesgo obstetrico,parturienta con hijo anterior muerto,2001-07-01,1,1
50102,TINGUIPAYA,alto riesgo obstetrico,parturienta con hijo anterior muerto,2001-07-01,2,2
31601,TIRAQUE (CBBA),alto riesgo obstetrico,parturienta con hijo anterior muerto,2001-07-01,1,1
51202,TOMAVE,alto riesgo obstetrico,parturienta con hijo anterior muerto,2001-07-01,1,1
31201,TOTORA(CBBA),alto riesgo obstetrico,parturienta con hijo anterior muerto,2001-07-01,2,2
80101,TRINIDAD,alto riesgo obstetrico,parturienta con hijo anterior muerto,2001-07-01,1,1
50801,TUPIZA,alto riesgo obstetrico,parturienta con hijo anterior muerto,2001-07-01,5,5
60303,VILLA MONTES,alto riesgo obstetrico,parturienta con hijo anterior muerto,2001-07-01,3,3
31003,VILLA TUNARI,alto riesgo obstetrico,parturienta con hijo anterior muerto,2001-07-01,11,11
11001,VILLA VACA GUZMAN (MUYUPAMPA),alto riesgo obstetrico,parturienta con hijo anterior muerto,2001-07-01,1,1
30904,VINTO,alto riesgo obstetrico,parturienta con hijo anterior muerto,2001-07-01,3,3
70201,WARNES,alto riesgo obstetrico,parturienta con hijo anterior muerto,2001-07-01,9,9
60301,YACUIBA,alto riesgo obstetrico,parturienta con hijo anterior muerto,2001-07-01,20,20
60402,YUNCHARA,alto riesgo obstetrico,parturienta con hijo anterior muerto,2001-07-01,1,1
20201,ACHACACHI,alto riesgo obstetrico,parturienta con hijo anterior muerto,2001-08-01,4,4
20202,ANCORAIMES,alto riesgo obstetrico,parturienta con hijo anterior muerto,2001-08-01,1,1
30403,ARBIETO,alto riesgo obstetrico,parturienta con hijo anterior muerto,2001-08-01,1,1
71501,ASCENCION DE GUARAYOS,alto riesgo obstetrico,parturienta con hijo anterior muerto,2001-08-01,1,1
50301,BETANZOS,alto riesgo obstetrico,parturienta con hijo anterior muerto,2001-08-01,2,2
10701,CAMARGO,alto riesgo obstetrico,parturienta con hijo anterior muerto,2001-08-01,1,1
70706,CAMIRI,alto riesgo obstetrico,parturienta con hijo anterior muerto,2001-08-01,1,1
22001,CARANAVI,alto riesgo obstetrico,parturienta con hijo anterior muerto,2001-08-01,1,1
21902,CATACORA,alto riesgo obstetrico,parturienta con hijo anterior muerto,2001-08-01,1,1
40201,CHALLAPATA,alto riesgo obstetrico,parturienta con hijo anterior muerto,2001-08-01,1,1
70702,CHARAGUA,alto riesgo obstetrico,parturienta con hijo anterior muerto,2001-08-01,1,1
20305,CHARAÑA,alto riesgo obstetrico,parturienta con hijo anterior muerto,2001-08-01,1,1
50202,CHAYANTA,alto riesgo obstetrico,parturienta con hijo anterior muerto,2001-08-01,3,3
21101,CHULUMANI (V. DE LA LIBERTAD),alto riesgo obstetrico,parturienta con hijo anterior muerto,2001-08-01,6,6
90101,COBIJA,alto riesgo obstetrico,parturienta con hijo anterior muerto,2001-08-01,2,2
31002,COLOMI,alto riesgo obstetrico,parturienta con hijo anterior muerto,2001-08-01,1,1
50601,COTAGAITA,alto riesgo obstetrico,parturienta con hijo anterior muerto,2001-08-01,1,1
20105,EL ALTO,alto riesgo obstetrico,parturienta con hijo anterior muerto,2001-08-01,6,6
20602,GUANAY,alto riesgo obstetrico,parturienta con hijo anterior muerto,2001-08-01,1,1
80202,GUAYARAMERIN,alto riesgo obstetrico,parturienta con hijo anterior muerto,2001-08-01,2,2
10502,HUACARETA,alto riesgo obstetrico,parturienta con hijo anterior muerto,2001-08-01,1,1
20101,LA PAZ,alto riesgo obstetrico,parturienta con hijo anterior muerto,2001-08-01,3,3
50203,LLALLAGUA,alto riesgo obstetrico,parturienta con hijo anterior muerto,2001-08-01,2,2
20402,MOCOMOCO,alto riesgo obstetrico,parturienta con hijo anterior muerto,2001-08-01,2,2
10501,MONTEAGUDO,alto riesgo obstetrico,parturienta con hijo anterior muerto,2001-08-01,6,6
71001,MONTERO,alto riesgo obstetrico,parturienta con hijo anterior muerto,2001-08-01,11,11
40101,ORURO,alto riesgo obstetrico,parturienta con hijo anterior muerto,2001-08-01,16,16
21802,PAPEL PAMPA,alto riesgo obstetrico,parturienta con hijo anterior muerto,2001-08-01,4,4
21305,PATACAMAYA,alto riesgo obstetrico,parturienta con hijo anterior muerto,2001-08-01,1,1
31202,POJO (CBBA),alto riesgo obstetrico,parturienta con hijo anterior muerto,2001-08-01,1,1
20401,PUERTO ACOSTA,alto riesgo obstetrico,parturienta con hijo anterior muerto,2001-08-01,1,1
71401,PUERTO SUAREZ,alto riesgo obstetrico,parturienta con hijo anterior muerto,2001-08-01,2,2
31205,PUERTO VILLARROEL,alto riesgo obstetrico,parturienta con hijo anterior muerto,2001-08-01,5,5
51101,PUNA,alto riesgo obstetrico,parturienta con hijo anterior muerto,2001-08-01,1,1
20604,QUIABAYA,alto riesgo obstetrico,parturienta con hijo anterior muerto,2001-08-01,1,1
30404,SACABAMBA,alto riesgo obstetrico,parturienta con hijo anterior muerto,2001-08-01,1,1
70402,SAN CARLOS,alto riesgo obstetrico,parturienta con hijo anterior muerto,2001-08-01,1,1
70101,SANTA CRUZ DE LA SIERRA,alto riesgo obstetrico,parturienta con hijo anterior muerto,2001-08-01,8,8
30902,SIPE SIPE,alto riesgo obstetrico,parturienta con hijo anterior muerto,2001-08-01,1,1
10101,SUCRE,alto riesgo obstetrico,parturienta con hijo anterior muerto,2001-08-01,3,3
10601,TARABUCO,alto riesgo obstetrico,parturienta con hijo anterior muerto,2001-08-01,4,4
50102,TINGUIPAYA,alto riesgo obstetrico,parturienta con hijo anterior muerto,2001-08-01,1,1
31601,TIRAQUE (CBBA),alto riesgo obstetrico,parturienta con hijo anterior muerto,2001-08-01,6,6
51202,TOMAVE,alto riesgo obstetrico,parturienta con hijo anterior muerto,2001-08-01,1,1
31201,TOTORA(CBBA),alto riesgo obstetrico,parturienta con hijo anterior muerto,2001-08-01,1,1
50801,TUPIZA,alto riesgo obstetrico,parturienta con hijo anterior muerto,2001-08-01,1,1
50201,UNCIA,alto riesgo obstetrico,parturienta con hijo anterior muerto,2001-08-01,1,1
30502,VACAS,alto riesgo obstetrico,parturienta con hijo anterior muerto,2001-08-01,1,1
20801,VIACHA,alto riesgo obstetrico,parturienta con hijo anterior muerto,2001-08-01,1,1
60303,VILLA MONTES,alto riesgo obstetrico,parturienta con hijo anterior muerto,2001-08-01,1,1
10801,VILLA SERRANO,alto riesgo obstetrico,parturienta con hijo anterior muerto,2001-08-01,1,1
31003,VILLA TUNARI,alto riesgo obstetrico,parturienta con hijo anterior muerto,2001-08-01,10,10
11001,VILLA VACA GUZMAN (MUYUPAMPA),alto riesgo obstetrico,parturienta con hijo anterior muerto,2001-08-01,2,2
51501,VILLAZON,alto riesgo obstetrico,parturienta con hijo anterior muerto,2001-08-01,1,1
60301,YACUIBA,alto riesgo obstetrico,parturienta con hijo anterior muerto,2001-08-01,1,1
60402,YUNCHARA,alto riesgo obstetrico,parturienta con hijo anterior muerto,2001-08-01,1,1
71501,ASCENCION DE GUARAYOS,alto riesgo obstetrico,parturienta con hijo anterior muerto,2001-09-01,1,1
30301,AYOPAYA (V. DE INDEPENDENCIA),alto riesgo obstetrico,parturienta con hijo anterior muerto,2001-09-01,3,3
60202,BERMEJO,alto riesgo obstetrico,parturienta con hijo anterior muerto,2001-09-01,1,1
50301,BETANZOS,alto riesgo obstetrico,parturienta con hijo anterior muerto,2001-09-01,1,1
70401,BUENA VISTA,alto riesgo obstetrico,parturienta con hijo anterior muerto,2001-09-01,1,1
10701,CAMARGO,alto riesgo obstetrico,parturienta con hijo anterior muerto,2001-09-01,1,1
10901,CAMATAQUI (C. VILLA ABECIA),alto riesgo obstetrico,parturienta con hijo anterior muerto,2001-09-01,1,1
40201,CHALLAPATA,alto riesgo obstetrico,parturienta con hijo anterior muerto,2001-09-01,2,2
70702,CHARAGUA,alto riesgo obstetrico,parturienta con hijo anterior muerto,2001-09-01,2,2
50202,CHAYANTA,alto riesgo obstetrico,parturienta con hijo anterior muerto,2001-09-01,1,1
20501,CHUMA,alto riesgo obstetrico,parturienta con hijo anterior muerto,2001-09-01,1,1
30801,CLIZA,alto riesgo obstetrico,parturienta con hijo anterior muerto,2001-09-01,1,1
30905,COLCAPIRHUA,alto riesgo obstetrico,parturienta con hijo anterior muerto,2001-09-01,1,1
31002,COLOMI,alto riesgo obstetrico,parturienta con hijo anterior muerto,2001-09-01,1,1
50401,COLQUECHACA,alto riesgo obstetrico,parturienta con hijo anterior muerto,2001-09-01,6,6
21004,COLQUIRI,alto riesgo obstetrico,parturienta con hijo anterior muerto,2001-09-01,1,1
20304,COMANCHE,alto riesgo obstetrico,parturienta con hijo anterior muerto,2001-09-01,1,1
21401,COROICO,alto riesgo obstetrico,parturienta con hijo anterior muerto,2001-09-01,2,2
70102,COTOCA,alto riesgo obstetrico,parturienta con hijo anterior muerto,2001-09-01,1,1
20105,EL ALTO,alto riesgo obstetrico,parturienta con hijo anterior muerto,2001-09-01,6,6
41101,EUCALIPTUS,alto riesgo obstetrico,parturienta con hijo anterior muerto,2001-09-01,2,2
10502,HUACARETA,alto riesgo obstetrico,parturienta con hijo anterior muerto,2001-09-01,1,1
40701,HUANUNI,alto riesgo obstetrico,parturienta con hijo anterior muerto,2001-09-01,3,3
20101,LA PAZ,alto riesgo obstetrico,parturienta con hijo anterior muerto,2001-09-01,2,2
70701,LAGUNILLAS,alto riesgo obstetrico,parturienta con hijo anterior muerto,2001-09-01,1,1
71003,MINEROS,alto riesgo obstetrico,parturienta con hijo anterior muerto,2001-09-01,1,1
31301,MIZQUE,alto riesgo obstetrico,parturienta con hijo anterior muerto,2001-09-01,1,1
10501,MONTEAGUDO,alto riesgo obstetrico,parturienta con hijo anterior muerto,2001-09-01,1,1
71001,MONTERO,alto riesgo obstetrico,parturienta con hijo anterior muerto,2001-09-01,5,5
40101,ORURO,alto riesgo obstetrico,parturienta con hijo anterior muerto,2001-09-01,12,12
60201,PADCAYA,alto riesgo obstetrico,parturienta con hijo anterior muerto,2001-09-01,1,1
70502,PAILON,alto riesgo obstetrico,parturienta con hijo anterior muerto,2001-09-01,3,3
31202,POJO (CBBA),alto riesgo obstetrico,parturienta con hijo anterior muerto,2001-09-01,1,1
50101,POTOSI,alto riesgo obstetrico,parturienta con hijo anterior muerto,2001-09-01,9,9
71401,PUERTO SUAREZ,alto riesgo obstetrico,parturienta con hijo anterior muerto,2001-09-01,1,1
31205,PUERTO VILLARROEL,alto riesgo obstetrico,parturienta con hijo anterior muerto,2001-09-01,1,1
30901,QUILLACOLLO,alto riesgo obstetrico,parturienta con hijo anterior muerto,2001-09-01,1,1
80201,RIBERALTA,alto riesgo obstetrico,parturienta con hijo anterior muerto,2001-09-01,1,1
31001,SACABA,alto riesgo obstetrico,parturienta con hijo anterior muerto,2001-09-01,2,2
70402,SAN CARLOS,alto riesgo obstetrico,parturienta con hijo anterior muerto,2001-09-01,1,1
70301,SAN IGNACIO DE VELASCO,alto riesgo obstetrico,parturienta con hijo anterior muerto,2001-09-01,1,1
70101,SANTA CRUZ DE LA SIERRA,alto riesgo obstetrico,parturienta con hijo anterior muerto,2001-09-01,1,1
30902,SIPE SIPE,alto riesgo obstetrico,parturienta con hijo anterior muerto,2001-09-01,1,1
10403,SOPACHUY,alto riesgo obstetrico,parturienta con hijo anterior muerto,2001-09-01,1,1
10101,SUCRE,alto riesgo obstetrico,parturienta con hijo anterior muerto,2001-09-01,1,1
10601,TARABUCO,alto riesgo obstetrico,parturienta con hijo anterior muerto,2001-09-01,6,6
50102,TINGUIPAYA,alto riesgo obstetrico,parturienta con hijo anterior muerto,2001-09-01,1,1
80101,TRINIDAD,alto riesgo obstetrico,parturienta con hijo anterior muerto,2001-09-01,2,2
50201,UNCIA,alto riesgo obstetrico,parturienta con hijo anterior muerto,2001-09-01,1,1
60303,VILLA MONTES,alto riesgo obstetrico,parturienta con hijo anterior muerto,2001-09-01,3,3
31003,VILLA TUNARI,alto riesgo obstetrico,parturienta con hijo anterior muerto,2001-09-01,10,10
50602,VITICHI,alto riesgo obstetrico,parturienta con hijo anterior muerto,2001-09-01,1,1
70201,WARNES,alto riesgo obstetrico,parturienta con hijo anterior muerto,2001-09-01,2,2
60301,YACUIBA,alto riesgo obstetrico,parturienta con hijo anterior muerto,2001-09-01,1,1
30402,ANZALDO,alto riesgo obstetrico,parturienta con hijo anterior muerto,2001-10-01,1,1
71501,ASCENCION DE GUARAYOS,alto riesgo obstetrico,parturienta con hijo anterior muerto,2001-10-01,2,2
30301,AYOPAYA (V. DE INDEPENDENCIA),alto riesgo obstetrico,parturienta con hijo anterior muerto,2001-10-01,1,1
10201,AZURDUY,alto riesgo obstetrico,parturienta con hijo anterior muerto,2001-10-01,1,1
60202,BERMEJO,alto riesgo obstetrico,parturienta con hijo anterior muerto,2001-10-01,2,2
50301,BETANZOS,alto riesgo obstetrico,parturienta con hijo anterior muerto,2001-10-01,3,3
70707,BOYUIBE,alto riesgo obstetrico,parturienta con hijo anterior muerto,2001-10-01,1,1
10701,CAMARGO,alto riesgo obstetrico,parturienta con hijo anterior muerto,2001-10-01,3,3
70706,CAMIRI,alto riesgo obstetrico,parturienta con hijo anterior muerto,2001-10-01,1,1
22001,CARANAVI,alto riesgo obstetrico,parturienta con hijo anterior muerto,2001-10-01,1,1
50702,CARIPUYO,alto riesgo obstetrico,parturienta con hijo anterior muerto,2001-10-01,2,2
70702,CHARAGUA,alto riesgo obstetrico,parturienta con hijo anterior muerto,2001-10-01,6,6
50202,CHAYANTA,alto riesgo obstetrico,parturienta con hijo anterior muerto,2001-10-01,1,1
40903,CHIPAYA,alto riesgo obstetrico,parturienta con hijo anterior muerto,2001-10-01,1,1
50401,COLQUECHACA,alto riesgo obstetrico,parturienta con hijo anterior muerto,2001-10-01,1,1
21701,COPACABANA,alto riesgo obstetrico,parturienta con hijo anterior muerto,2001-10-01,1,1
20301,CORO CORO,alto riesgo obstetrico,parturienta con hijo anterior muerto,2001-10-01,2,2
50601,COTAGAITA,alto riesgo obstetrico,parturienta con hijo anterior muerto,2001-10-01,1,1
20105,EL ALTO,alto riesgo obstetrico,parturienta con hijo anterior muerto,2001-10-01,6,6
41101,EUCALIPTUS,alto riesgo obstetrico,parturienta con hijo anterior muerto,2001-10-01,2,2
80202,GUAYARAMERIN,alto riesgo obstetrico,parturienta con hijo anterior muerto,2001-10-01,2,2
40701,HUANUNI,alto riesgo obstetrico,parturienta con hijo anterior muerto,2001-10-01,6,6
20101,LA PAZ,alto riesgo obstetrico,parturienta con hijo anterior muerto,2001-10-01,1,1
70701,LAGUNILLAS,alto riesgo obstetrico,parturienta con hijo anterior muerto,2001-10-01,1,1
21202,LAJA,alto riesgo obstetrico,parturienta con hijo anterior muerto,2001-10-01,1,1
50203,LLALLAGUA,alto riesgo obstetrico,parturienta con hijo anterior muerto,2001-10-01,1,1
71003,MINEROS,alto riesgo obstetrico,parturienta con hijo anterior muerto,2001-10-01,2,2
10501,MONTEAGUDO,alto riesgo obstetrico,parturienta con hijo anterior muerto,2001-10-01,1,1
71001,MONTERO,alto riesgo obstetrico,parturienta con hijo anterior muerto,2001-10-01,7,7
40101,ORURO,alto riesgo obstetrico,parturienta con hijo anterior muerto,2001-10-01,19,19
21305,PATACAMAYA,alto riesgo obstetrico,parturienta con hijo anterior muerto,2001-10-01,1,1
50403,POCOATA,alto riesgo obstetrico,parturienta con hijo anterior muerto,2001-10-01,3,3
50402,RAVELO,alto riesgo obstetrico,parturienta con hijo anterior muerto,2001-10-01,1,1
80201,RIBERALTA,alto riesgo obstetrico,parturienta con hijo anterior muerto,2001-10-01,1,1
31001,SACABA,alto riesgo obstetrico,parturienta con hijo anterior muerto,2001-10-01,2,2
70402,SAN CARLOS,alto riesgo obstetrico,parturienta con hijo anterior muerto,2001-10-01,1,1
70301,SAN IGNACIO DE VELASCO,alto riesgo obstetrico,parturienta con hijo anterior muerto,2001-10-01,2,2
70501,SAN JOSE DE CHIQUITOS,alto riesgo obstetrico,parturienta con hijo anterior muerto,2001-10-01,1,1
71201,SAN MATIAS,alto riesgo obstetrico,parturienta con hijo anterior muerto,2001-10-01,1,1
70101,SANTA CRUZ DE LA SIERRA,alto riesgo obstetrico,parturienta con hijo anterior muerto,2001-10-01,3,3
20308,SANTIAGO DE CALLAPA,alto riesgo obstetrico,parturienta con hijo anterior muerto,2001-10-01,1,1
40202,SANTUARIO DE QUILLACAS,alto riesgo obstetrico,parturienta con hijo anterior muerto,2001-10-01,1,1
10101,SUCRE,alto riesgo obstetrico,parturienta con hijo anterior muerto,2001-10-01,2,2
31404,TACACHI,alto riesgo obstetrico,parturienta con hijo anterior muerto,2001-10-01,1,1
31101,TAPACARI,alto riesgo obstetrico,parturienta con hijo anterior muerto,2001-10-01,1,1
10601,TARABUCO,alto riesgo obstetrico,parturienta con hijo anterior muerto,2001-10-01,3,3
10202,TARVITA,alto riesgo obstetrico,parturienta con hijo anterior muerto,2001-10-01,1,1
50801,TUPIZA,alto riesgo obstetrico,parturienta con hijo anterior muerto,2001-10-01,1,1
30502,VACAS,alto riesgo obstetrico,parturienta con hijo anterior muerto,2001-10-01,2,2
31003,VILLA TUNARI,alto riesgo obstetrico,parturienta con hijo anterior muerto,2001-10-01,11,11
11001,VILLA VACA GUZMAN (MUYUPAMPA),alto riesgo obstetrico,parturienta con hijo anterior muerto,2001-10-01,1,1
51501,VILLAZON,alto riesgo obstetrico,parturienta con hijo anterior muerto,2001-10-01,6,6
60301,YACUIBA,alto riesgo obstetrico,parturienta con hijo anterior muerto,2001-10-01,1,1
10301,ZUDAÑEZ,alto riesgo obstetrico,parturienta con hijo anterior muerto,2001-10-01,1,1
20201,ACHACACHI,alto riesgo obstetrico,parturienta con hijo anterior muerto,2001-11-01,1,1
20202,ANCORAIMES,alto riesgo obstetrico,parturienta con hijo anterior muerto,2001-11-01,1,1
30301,AYOPAYA (V. DE INDEPENDENCIA),alto riesgo obstetrico,parturienta con hijo anterior muerto,2001-11-01,1,1
60202,BERMEJO,alto riesgo obstetrico,parturienta con hijo anterior muerto,2001-11-01,1,1
70706,CAMIRI,alto riesgo obstetrico,parturienta con hijo anterior muerto,2001-11-01,1,1
30701,CAPINOTA,alto riesgo obstetrico,parturienta con hijo anterior muerto,2001-11-01,1,1
40201,CHALLAPATA,alto riesgo obstetrico,parturienta con hijo anterior muerto,2001-11-01,1,1
50202,CHAYANTA,alto riesgo obstetrico,parturienta con hijo anterior muerto,2001-11-01,1,1
30801,CLIZA,alto riesgo obstetrico,parturienta con hijo anterior muerto,2001-11-01,1,1
90101,COBIJA,alto riesgo obstetrico,parturienta con hijo anterior muerto,2001-11-01,2,2
30101,COCHABAMBA,alto riesgo obstetrico,parturienta con hijo anterior muerto,2001-11-01,2,2
20304,COMANCHE,alto riesgo obstetrico,parturienta con hijo anterior muerto,2001-11-01,1,1
21401,COROICO,alto riesgo obstetrico,parturienta con hijo anterior muerto,2001-11-01,2,2
20105,EL ALTO,alto riesgo obstetrico,parturienta con hijo anterior muerto,2001-11-01,3,3
70105,EL TORNO,alto riesgo obstetrico,parturienta con hijo anterior muerto,2001-11-01,1,1
20602,GUANAY,alto riesgo obstetrico,parturienta con hijo anterior muerto,2001-11-01,1,1
80202,GUAYARAMERIN,alto riesgo obstetrico,parturienta con hijo anterior muerto,2001-11-01,1,1
40501,HUACHACALLA,alto riesgo obstetrico,parturienta con hijo anterior muerto,2001-11-01,1,1
21501,IXIAMAS,alto riesgo obstetrico,parturienta con hijo anterior muerto,2001-11-01,1,1
20101,LA PAZ,alto riesgo obstetrico,parturienta con hijo anterior muerto,2001-11-01,1,1
31301,MIZQUE,alto riesgo obstetrico,parturienta con hijo anterior muerto,2001-11-01,1,1
20402,MOCOMOCO,alto riesgo obstetrico,parturienta con hijo anterior muerto,2001-11-01,1,1
10501,MONTEAGUDO,alto riesgo obstetrico,parturienta con hijo anterior muerto,2001-11-01,1,1
71001,MONTERO,alto riesgo obstetrico,parturienta con hijo anterior muerto,2001-11-01,4,4
40101,ORURO,alto riesgo obstetrico,parturienta con hijo anterior muerto,2001-11-01,11,11
40802,PAMPA AULLAGAS,alto riesgo obstetrico,parturienta con hijo anterior muerto,2001-11-01,2,2
21802,PAPEL PAMPA,alto riesgo obstetrico,parturienta con hijo anterior muerto,2001-11-01,1,1
40602,PAZÑA,alto riesgo obstetrico,parturienta con hijo anterior muerto,2001-11-01,1,1
31202,POJO (CBBA),alto riesgo obstetrico,parturienta con hijo anterior muerto,2001-11-01,1,1
50101,POTOSI,alto riesgo obstetrico,parturienta con hijo anterior muerto,2001-11-01,1,1
20403,PUERTO CARABUCO,alto riesgo obstetrico,parturienta con hijo anterior muerto,2001-11-01,2,2
31205,PUERTO VILLARROEL,alto riesgo obstetrico,parturienta con hijo anterior muerto,2001-11-01,1,1
20604,QUIABAYA,alto riesgo obstetrico,parturienta con hijo anterior muerto,2001-11-01,2,2
50402,RAVELO,alto riesgo obstetrico,parturienta con hijo anterior muerto,2001-11-01,3,3
80304,RURRENABAQUE,alto riesgo obstetrico,parturienta con hijo anterior muerto,2001-11-01,1,1
31001,SACABA,alto riesgo obstetrico,parturienta con hijo anterior muerto,2001-11-01,1,1
51601,SAN AGUSTIN,alto riesgo obstetrico,parturienta con hijo anterior muerto,2001-11-01,2,2
31403,SAN BENITO,alto riesgo obstetrico,parturienta con hijo anterior muerto,2001-11-01,3,3
70301,SAN IGNACIO DE VELASCO,alto riesgo obstetrico,parturienta con hijo anterior muerto,2001-11-01,1,1
70501,SAN JOSE DE CHIQUITOS,alto riesgo obstetrico,parturienta con hijo anterior muerto,2001-11-01,1,1
71104,SAN JULIAN,alto riesgo obstetrico,parturienta con hijo anterior muerto,2001-11-01,3,3
70302,SAN MIGUEL DE VELASCO,alto riesgo obstetrico,parturienta con hijo anterior muerto,2001-11-01,3,3
40202,SANTUARIO DE QUILLACAS,alto riesgo obstetrico,parturienta con hijo anterior muerto,2001-11-01,1,1
10403,SOPACHUY,alto riesgo obstetrico,parturienta con hijo anterior muerto,2001-11-01,1,1
10101,SUCRE,alto riesgo obstetrico,parturienta con hijo anterior muerto,2001-11-01,4,4
10601,TARABUCO,alto riesgo obstetrico,parturienta con hijo anterior muerto,2001-11-01,3,3
30502,VACAS,alto riesgo obstetrico,parturienta con hijo anterior muerto,2001-11-01,3,3
31003,VILLA TUNARI,alto riesgo obstetrico,parturienta con hijo anterior muerto,2001-11-01,1,1
30904,VINTO,alto riesgo obstetrico,parturienta con hijo anterior muerto,2001-11-01,5,5
60402,YUNCHARA,alto riesgo obstetrico,parturienta con hijo anterior muerto,2001-11-01,1,1
20201,ACHACACHI,alto riesgo obstetrico,parturienta con hijo anterior muerto,2001-12-01,3,3
71501,ASCENCION DE GUARAYOS,alto riesgo obstetrico,parturienta con hijo anterior muerto,2001-12-01,4,4
60202,BERMEJO,alto riesgo obstetrico,parturienta con hijo anterior muerto,2001-12-01,3,3
70707,BOYUIBE,alto riesgo obstetrico,parturienta con hijo anterior muerto,2001-12-01,1,1
70706,CAMIRI,alto riesgo obstetrico,parturienta con hijo anterior muerto,2001-12-01,5,5
50202,CHAYANTA,alto riesgo obstetrico,parturienta con hijo anterior muerto,2001-12-01,1,1
30101,COCHABAMBA,alto riesgo obstetrico,parturienta con hijo anterior muerto,2001-12-01,1,1
31002,COLOMI,alto riesgo obstetrico,parturienta con hijo anterior muerto,2001-12-01,2,2
50401,COLQUECHACA,alto riesgo obstetrico,parturienta con hijo anterior muerto,2001-12-01,1,1
10902,CULPINA,alto riesgo obstetrico,parturienta con hijo anterior muerto,2001-12-01,1,1
20105,EL ALTO,alto riesgo obstetrico,parturienta con hijo anterior muerto,2001-12-01,14,14
21601,GRAL. J.J. PEREZ (CHARAZANI),alto riesgo obstetrico,parturienta con hijo anterior muerto,2001-12-01,1,1
10502,HUACARETA,alto riesgo obstetrico,parturienta con hijo anterior muerto,2001-12-01,1,1
40501,HUACHACALLA,alto riesgo obstetrico,parturienta con hijo anterior muerto,2001-12-01,1,1
40701,HUANUNI,alto riesgo obstetrico,parturienta con hijo anterior muerto,2001-12-01,2,2
20101,LA PAZ,alto riesgo obstetrico,parturienta con hijo anterior muerto,2001-12-01,2,2
70701,LAGUNILLAS,alto riesgo obstetrico,parturienta con hijo anterior muerto,2001-12-01,2,2
21202,LAJA,alto riesgo obstetrico,parturienta con hijo anterior muerto,2001-12-01,2,2
71003,MINEROS,alto riesgo obstetrico,parturienta con hijo anterior muerto,2001-12-01,4,4
20402,MOCOMOCO,alto riesgo obstetrico,parturienta con hijo anterior muerto,2001-12-01,1,1
10501,MONTEAGUDO,alto riesgo obstetrico,parturienta con hijo anterior muerto,2001-12-01,2,2
71001,MONTERO,alto riesgo obstetrico,parturienta con hijo anterior muerto,2001-12-01,5,5
30302,MOROCHATA,alto riesgo obstetrico,parturienta con hijo anterior muerto,2001-12-01,1,1
40101,ORURO,alto riesgo obstetrico,parturienta con hijo anterior muerto,2001-12-01,13,13
21104,PALOS BLANCOS,alto riesgo obstetrico,parturienta con hijo anterior muerto,2001-12-01,1,1
21305,PATACAMAYA,alto riesgo obstetrico,parturienta con hijo anterior muerto,2001-12-01,1,1
40601,POOPO,alto riesgo obstetrico,parturienta con hijo anterior muerto,2001-12-01,1,1
50101,POTOSI,alto riesgo obstetrico,parturienta con hijo anterior muerto,2001-12-01,1,1
20401,PUERTO ACOSTA,alto riesgo obstetrico,parturienta con hijo anterior muerto,2001-12-01,1,1
51101,PUNA,alto riesgo obstetrico,parturienta con hijo anterior muerto,2001-12-01,3,3
50402,RAVELO,alto riesgo obstetrico,parturienta con hijo anterior muerto,2001-12-01,2,2
31001,SACABA,alto riesgo obstetrico,parturienta con hijo anterior muerto,2001-12-01,1,1
70901,SAMAIPATA,alto riesgo obstetrico,parturienta con hijo anterior muerto,2001-12-01,1,1
31403,SAN BENITO,alto riesgo obstetrico,parturienta con hijo anterior muerto,2001-12-01,2,2
70301,SAN IGNACIO DE VELASCO,alto riesgo obstetrico,parturienta con hijo anterior muerto,2001-12-01,1,1
70101,SANTA CRUZ DE LA SIERRA,alto riesgo obstetrico,parturienta con hijo anterior muerto,2001-12-01,1,1
30702,SANTIVAÑES,alto riesgo obstetrico,parturienta con hijo anterior muerto,2001-12-01,1,1
10403,SOPACHUY,alto riesgo obstetrico,parturienta con hijo anterior muerto,2001-12-01,1,1
10601,TARABUCO,alto riesgo obstetrico,parturienta con hijo anterior muerto,2001-12-01,3,3
31601,TIRAQUE (CBBA),alto riesgo obstetrico,parturienta con hijo anterior muerto,2001-12-01,1,1
50201,UNCIA,alto riesgo obstetrico,parturienta con hijo anterior muerto,2001-12-01,1,1
60303,VILLA MONTES,alto riesgo obstetrico,parturienta con hijo anterior muerto,2001-12-01,2,2
31003,VILLA TUNARI,alto riesgo obstetrico,parturienta con hijo anterior muerto,2001-12-01,8,8
30904,VINTO,alto riesgo obstetrico,parturienta con hijo anterior muerto,2001-12-01,1,1
70201,WARNES,alto riesgo obstetrico,parturienta con hijo anterior muerto,2001-12-01,1,1
60402,YUNCHARA,alto riesgo obstetrico,parturienta con hijo anterior muerto,2001-12-01,2,2
10301,ZUDAÑEZ,alto riesgo obstetrico,parturienta con hijo anterior muerto,2001-12-01,1,1
20201,ACHACACHI,alto riesgo obstetrico,parturienta con hijo anterior muerto,2002-01-01,3,3
20202,ANCORAIMES,alto riesgo obstetrico,parturienta con hijo anterior muerto,2002-01-01,2,2
30301,AYOPAYA (V. DE INDEPENDENCIA),alto riesgo obstetrico,parturienta con hijo anterior muerto,2002-01-01,1,1
60202,BERMEJO,alto riesgo obstetrico,parturienta con hijo anterior muerto,2002-01-01,1,1
50301,BETANZOS,alto riesgo obstetrico,parturienta con hijo anterior muerto,2002-01-01,4,4
20905,CAIROMA,alto riesgo obstetrico,parturienta con hijo anterior muerto,2002-01-01,1,1
10701,CAMARGO,alto riesgo obstetrico,parturienta con hijo anterior muerto,2002-01-01,3,3
70702,CHARAGUA,alto riesgo obstetrico,parturienta con hijo anterior muerto,2002-01-01,3,3
40903,CHIPAYA,alto riesgo obstetrico,parturienta con hijo anterior muerto,2002-01-01,1,1
30101,COCHABAMBA,alto riesgo obstetrico,parturienta con hijo anterior muerto,2002-01-01,3,3
31002,COLOMI,alto riesgo obstetrico,parturienta con hijo anterior muerto,2002-01-01,3,3
50401,COLQUECHACA,alto riesgo obstetrico,parturienta con hijo anterior muerto,2002-01-01,4,4
20301,CORO CORO,alto riesgo obstetrico,parturienta con hijo anterior muerto,2002-01-01,1,1
20105,EL ALTO,alto riesgo obstetrico,parturienta con hijo anterior muerto,2002-01-01,31,31
80202,GUAYARAMERIN,alto riesgo obstetrico,parturienta con hijo anterior muerto,2002-01-01,1,1
40701,HUANUNI,alto riesgo obstetrico,parturienta con hijo anterior muerto,2002-01-01,3,3
11003,MACHARETI,alto riesgo obstetrico,parturienta con hijo anterior muerto,2002-01-01,1,1
71003,MINEROS,alto riesgo obstetrico,parturienta con hijo anterior muerto,2002-01-01,2,2
31301,MIZQUE,alto riesgo obstetrico,parturienta con hijo anterior muerto,2002-01-01,1,1
10501,MONTEAGUDO,alto riesgo obstetrico,parturienta con hijo anterior muerto,2002-01-01,2,2
71001,MONTERO,alto riesgo obstetrico,parturienta con hijo anterior muerto,2002-01-01,9,9
30302,MOROCHATA,alto riesgo obstetrico,parturienta con hijo anterior muerto,2002-01-01,2,2
40101,ORURO,alto riesgo obstetrico,parturienta con hijo anterior muerto,2002-01-01,12,12
10302,PRESTO,alto riesgo obstetrico,parturienta con hijo anterior muerto,2002-01-01,2,2
71401,PUERTO SUAREZ,alto riesgo obstetrico,parturienta con hijo anterior muerto,2002-01-01,1,1
31205,PUERTO VILLARROEL,alto riesgo obstetrico,parturienta con hijo anterior muerto,2002-01-01,1,1
50402,RAVELO,alto riesgo obstetrico,parturienta con hijo anterior muerto,2002-01-01,2,2
30404,SACABAMBA,alto riesgo obstetrico,parturienta con hijo anterior muerto,2002-01-01,1,1
51601,SAN AGUSTIN,alto riesgo obstetrico,parturienta con hijo anterior muerto,2002-01-01,2,2
70301,SAN IGNACIO DE VELASCO,alto riesgo obstetrico,parturienta con hijo anterior muerto,2002-01-01,2,2
51001,SAN PABLO DE LIPEZ,alto riesgo obstetrico,parturienta con hijo anterior muerto,2002-01-01,2,2
70101,SANTA CRUZ DE LA SIERRA,alto riesgo obstetrico,parturienta con hijo anterior muerto,2002-01-01,1,1
41401,SANTIAGO DE HUARI,alto riesgo obstetrico,parturienta con hijo anterior muerto,2002-01-01,1,1
21901,SANTIAGO DE MACHACA,alto riesgo obstetrico,parturienta con hijo anterior muerto,2002-01-01,1,1
30902,SIPE SIPE,alto riesgo obstetrico,parturienta con hijo anterior muerto,2002-01-01,1,1
10403,SOPACHUY,alto riesgo obstetrico,parturienta con hijo anterior muerto,2002-01-01,1,1
10101,SUCRE,alto riesgo obstetrico,parturienta con hijo anterior muerto,2002-01-01,4,4
10601,TARABUCO,alto riesgo obstetrico,parturienta con hijo anterior muerto,2002-01-01,2,2
50102,TINGUIPAYA,alto riesgo obstetrico,parturienta con hijo anterior muerto,2002-01-01,1,1
30502,VACAS,alto riesgo obstetrico,parturienta con hijo anterior muerto,2002-01-01,3,3
31302,VILA VILA,alto riesgo obstetrico,parturienta con hijo anterior muerto,2002-01-01,1,1
60303,VILLA MONTES,alto riesgo obstetrico,parturienta con hijo anterior muerto,2002-01-01,2,2
31003,VILLA TUNARI,alto riesgo obstetrico,parturienta con hijo anterior muerto,2002-01-01,8,8
11001,VILLA VACA GUZMAN (MUYUPAMPA),alto riesgo obstetrico,parturienta con hijo anterior muerto,2002-01-01,2,2
30904,VINTO,alto riesgo obstetrico,parturienta con hijo anterior muerto,2002-01-01,1,1
51302,ACACIO,alto riesgo obstetrico,parturienta con hijo anterior muerto,2002-02-01,1,1
20202,ANCORAIMES,alto riesgo obstetrico,parturienta con hijo anterior muerto,2002-02-01,1,1
60202,BERMEJO,alto riesgo obstetrico,parturienta con hijo anterior muerto,2002-02-01,1,1
90103,BOLPEBRA,alto riesgo obstetrico,parturienta con hijo anterior muerto,2002-02-01,1,1
70401,BUENA VISTA,alto riesgo obstetrico,parturienta con hijo anterior muerto,2002-02-01,2,2
30701,CAPINOTA,alto riesgo obstetrico,parturienta con hijo anterior muerto,2002-02-01,1,1
30801,CLIZA,alto riesgo obstetrico,parturienta con hijo anterior muerto,2002-02-01,2,2
50401,COLQUECHACA,alto riesgo obstetrico,parturienta con hijo anterior muerto,2002-02-01,1,1
21701,COPACABANA,alto riesgo obstetrico,parturienta con hijo anterior muerto,2002-02-01,1,1
20105,EL ALTO,alto riesgo obstetrico,parturienta con hijo anterior muerto,2002-02-01,28,28
41101,EUCALIPTUS,alto riesgo obstetrico,parturienta con hijo anterior muerto,2002-02-01,2,2
80202,GUAYARAMERIN,alto riesgo obstetrico,parturienta con hijo anterior muerto,2002-02-01,1,1
10502,HUACARETA,alto riesgo obstetrico,parturienta con hijo anterior muerto,2002-02-01,1,1
71003,MINEROS,alto riesgo obstetrico,parturienta con hijo anterior muerto,2002-02-01,3,3
10501,MONTEAGUDO,alto riesgo obstetrico,parturienta con hijo anterior muerto,2002-02-01,1,1
40101,ORURO,alto riesgo obstetrico,parturienta con hijo anterior muerto,2002-02-01,13,13
70502,PAILON,alto riesgo obstetrico,parturienta con hijo anterior muerto,2002-02-01,1,1
21104,PALOS BLANCOS,alto riesgo obstetrico,parturienta con hijo anterior muerto,2002-02-01,1,1
31203,POCONA,alto riesgo obstetrico,parturienta con hijo anterior muerto,2002-02-01,1,1
31202,POJO (CBBA),alto riesgo obstetrico,parturienta con hijo anterior muerto,2002-02-01,1,1
70601,PORTACHUELO,alto riesgo obstetrico,parturienta con hijo anterior muerto,2002-02-01,3,3
50101,POTOSI,alto riesgo obstetrico,parturienta con hijo anterior muerto,2002-02-01,1,1
71401,PUERTO SUAREZ,alto riesgo obstetrico,parturienta con hijo anterior muerto,2002-02-01,1,1
31205,PUERTO VILLARROEL,alto riesgo obstetrico,parturienta con hijo anterior muerto,2002-02-01,2,2
51101,PUNA,alto riesgo obstetrico,parturienta con hijo anterior muerto,2002-02-01,3,3
70503,ROBORE,alto riesgo obstetrico,parturienta con hijo anterior muerto,2002-02-01,1,1
30404,SACABAMBA,alto riesgo obstetrico,parturienta con hijo anterior muerto,2002-02-01,1,1
31403,SAN BENITO,alto riesgo obstetrico,parturienta con hijo anterior muerto,2002-02-01,1,1
80302,SAN BORJA,alto riesgo obstetrico,parturienta con hijo anterior muerto,2002-02-01,1,1
70301,SAN IGNACIO DE VELASCO,alto riesgo obstetrico,parturienta con hijo anterior muerto,2002-02-01,1,1
70302,SAN MIGUEL DE VELASCO,alto riesgo obstetrico,parturienta con hijo anterior muerto,2002-02-01,2,2
70101,SANTA CRUZ DE LA SIERRA,alto riesgo obstetrico,parturienta con hijo anterior muerto,2002-02-01,12,12
30902,SIPE SIPE,alto riesgo obstetrico,parturienta con hijo anterior muerto,2002-02-01,1,1
10101,SUCRE,alto riesgo obstetrico,parturienta con hijo anterior muerto,2002-02-01,1,1
50303,TACOBAMBA,alto riesgo obstetrico,parturienta con hijo anterior muerto,2002-02-01,1,1
10601,TARABUCO,alto riesgo obstetrico,parturienta con hijo anterior muerto,2002-02-01,2,2
31601,TIRAQUE (CBBA),alto riesgo obstetrico,parturienta con hijo anterior muerto,2002-02-01,2,2
41001,TOLEDO,alto riesgo obstetrico,parturienta con hijo anterior muerto,2002-02-01,2,2
60401,URIONDO (A. CONCEPCION),alto riesgo obstetrico,parturienta con hijo anterior muerto,2002-02-01,1,1
30502,VACAS,alto riesgo obstetrico,parturienta con hijo anterior muerto,2002-02-01,6,6
60303,VILLA MONTES,alto riesgo obstetrico,parturienta con hijo anterior muerto,2002-02-01,1,1
31003,VILLA TUNARI,alto riesgo obstetrico,parturienta con hijo anterior muerto,2002-02-01,2,2
20201,ACHACACHI,alto riesgo obstetrico,parturienta con hijo anterior muerto,2002-03-01,2,2
20202,ANCORAIMES,alto riesgo obstetrico,parturienta con hijo anterior muerto,2002-03-01,2,2
60202,BERMEJO,alto riesgo obstetrico,parturienta con hijo anterior muerto,2002-03-01,2,2
50301,BETANZOS,alto riesgo obstetrico,parturienta con hijo anterior muerto,2002-03-01,1,1
22001,CARANAVI,alto riesgo obstetrico,parturienta con hijo anterior muerto,2002-03-01,1,1
30801,CLIZA,alto riesgo obstetrico,parturienta con hijo anterior muerto,2002-03-01,1,1
10902,CULPINA,alto riesgo obstetrico,parturienta con hijo anterior muerto,2002-03-01,1,1
20105,EL ALTO,alto riesgo obstetrico,parturienta con hijo anterior muerto,2002-03-01,4,4
40103,EL CHORO,alto riesgo obstetrico,parturienta con hijo anterior muerto,2002-03-01,2,2
41101,EUCALIPTUS,alto riesgo obstetrico,parturienta con hijo anterior muerto,2002-03-01,2,2
80202,GUAYARAMERIN,alto riesgo obstetrico,parturienta con hijo anterior muerto,2002-03-01,5,5
40701,HUANUNI,alto riesgo obstetrico,parturienta con hijo anterior muerto,2002-03-01,4,4
41601,HUAYLLAMARCA,alto riesgo obstetrico,parturienta con hijo anterior muerto,2002-03-01,2,2
10703,INCAHUASI,alto riesgo obstetrico,parturienta con hijo anterior muerto,2002-03-01,1,1
71003,MINEROS,alto riesgo obstetrico,parturienta con hijo anterior muerto,2002-03-01,2,2
10501,MONTEAGUDO,alto riesgo obstetrico,parturienta con hijo anterior muerto,2002-03-01,3,3
71001,MONTERO,alto riesgo obstetrico,parturienta con hijo anterior muerto,2002-03-01,8,8
40101,ORURO,alto riesgo obstetrico,parturienta con hijo anterior muerto,2002-03-01,11,11
60201,PADCAYA,alto riesgo obstetrico,parturienta con hijo anterior muerto,2002-03-01,1,1
20102,PALCA,alto riesgo obstetrico,parturienta con hijo anterior muerto,2002-03-01,1,1
31202,POJO (CBBA),alto riesgo obstetrico,parturienta con hijo anterior muerto,2002-03-01,1,1
40601,POOPO,alto riesgo obstetrico,parturienta con hijo anterior muerto,2002-03-01,1,1
70601,PORTACHUELO,alto riesgo obstetrico,parturienta con hijo anterior muerto,2002-03-01,2,2
21201,PUCARANI,alto riesgo obstetrico,parturienta con hijo anterior muerto,2002-03-01,1,1
71401,PUERTO SUAREZ,alto riesgo obstetrico,parturienta con hijo anterior muerto,2002-03-01,2,2
31205,PUERTO VILLARROEL,alto riesgo obstetrico,parturienta con hijo anterior muerto,2002-03-01,4,4
50402,RAVELO,alto riesgo obstetrico,parturienta con hijo anterior muerto,2002-03-01,2,2
31001,SACABA,alto riesgo obstetrico,parturienta con hijo anterior muerto,2002-03-01,1,1
51601,SAN AGUSTIN,alto riesgo obstetrico,parturienta con hijo anterior muerto,2002-03-01,1,1
70301,SAN IGNACIO DE VELASCO,alto riesgo obstetrico,parturienta con hijo anterior muerto,2002-03-01,1,1
71104,SAN JULIAN,alto riesgo obstetrico,parturienta con hijo anterior muerto,2002-03-01,1,1
70302,SAN MIGUEL DE VELASCO,alto riesgo obstetrico,parturienta con hijo anterior muerto,2002-03-01,1,1
70101,SANTA CRUZ DE LA SIERRA,alto riesgo obstetrico,parturienta con hijo anterior muerto,2002-03-01,1,1
70602,SANTA ROSA DEL SARA,alto riesgo obstetrico,parturienta con hijo anterior muerto,2002-03-01,1,1
21901,SANTIAGO DE MACHACA,alto riesgo obstetrico,parturienta con hijo anterior muerto,2002-03-01,1,1
30702,SANTIVAÑES,alto riesgo obstetrico,parturienta con hijo anterior muerto,2002-03-01,1,1
10403,SOPACHUY,alto riesgo obstetrico,parturienta con hijo anterior muerto,2002-03-01,2,2
20601,SORATA,alto riesgo obstetrico,parturienta con hijo anterior muerto,2002-03-01,1,1
10101,SUCRE,alto riesgo obstetrico,parturienta con hijo anterior muerto,2002-03-01,3,3
50303,TACOBAMBA,alto riesgo obstetrico,parturienta con hijo anterior muerto,2002-03-01,1,1
31101,TAPACARI,alto riesgo obstetrico,parturienta con hijo anterior muerto,2002-03-01,2,2
10601,TARABUCO,alto riesgo obstetrico,parturienta con hijo anterior muerto,2002-03-01,1,1
31601,TIRAQUE (CBBA),alto riesgo obstetrico,parturienta con hijo anterior muerto,2002-03-01,3,3
51202,TOMAVE,alto riesgo obstetrico,parturienta con hijo anterior muerto,2002-03-01,1,1
60401,URIONDO (A. CONCEPCION),alto riesgo obstetrico,parturienta con hijo anterior muerto,2002-03-01,1,1
30502,VACAS,alto riesgo obstetrico,parturienta con hijo anterior muerto,2002-03-01,3,3
31302,VILA VILA,alto riesgo obstetrico,parturienta con hijo anterior muerto,2002-03-01,1,1
31003,VILLA TUNARI,alto riesgo obstetrico,parturienta con hijo anterior muerto,2002-03-01,1,1
30904,VINTO,alto riesgo obstetrico,parturienta con hijo anterior muerto,2002-03-01,8,8
70201,WARNES,alto riesgo obstetrico,parturienta con hijo anterior muerto,2002-03-01,1,1
60301,YACUIBA,alto riesgo obstetrico,parturienta con hijo anterior muerto,2002-03-01,3,3
51302,ACACIO,alto riesgo obstetrico,parturienta con hijo anterior muerto,2002-04-01,1,1
20201,ACHACACHI,alto riesgo obstetrico,parturienta con hijo anterior muerto,2002-04-01,2,2
20202,ANCORAIMES,alto riesgo obstetrico,parturienta con hijo anterior muerto,2002-04-01,1,1
30501,ARANI,alto riesgo obstetrico,parturienta con hijo anterior muerto,2002-04-01,1,1
50301,BETANZOS,alto riesgo obstetrico,parturienta con hijo anterior muerto,2002-04-01,1,1
10701,CAMARGO,alto riesgo obstetrico,parturienta con hijo anterior muerto,2002-04-01,1,1
70706,CAMIRI,alto riesgo obstetrico,parturienta con hijo anterior muerto,2002-04-01,1,1
22001,CARANAVI,alto riesgo obstetrico,parturienta con hijo anterior muerto,2002-04-01,1,1
50702,CARIPUYO,alto riesgo obstetrico,parturienta con hijo anterior muerto,2002-04-01,1,1
40201,CHALLAPATA,alto riesgo obstetrico,parturienta con hijo anterior muerto,2002-04-01,1,1
30905,COLCAPIRHUA,alto riesgo obstetrico,parturienta con hijo anterior muerto,2002-04-01,1,1
50401,COLQUECHACA,alto riesgo obstetrico,parturienta con hijo anterior muerto,2002-04-01,1,1
20105,EL ALTO,alto riesgo obstetrico,parturienta con hijo anterior muerto,2002-04-01,48,48
60502,EL PUENTE(TJA),alto riesgo obstetrico,parturienta con hijo anterior muerto,2002-04-01,2,2
41101,EUCALIPTUS,alto riesgo obstetrico,parturienta con hijo anterior muerto,2002-04-01,2,2
40701,HUANUNI,alto riesgo obstetrico,parturienta con hijo anterior muerto,2002-04-01,8,8
10703,INCAHUASI,alto riesgo obstetrico,parturienta con hijo anterior muerto,2002-04-01,1,1
10501,MONTEAGUDO,alto riesgo obstetrico,parturienta con hijo anterior muerto,2002-04-01,5,5
40101,ORURO,alto riesgo obstetrico,parturienta con hijo anterior muerto,2002-04-01,10,10
21802,PAPEL PAMPA,alto riesgo obstetrico,parturienta con hijo anterior muerto,2002-04-01,1,1
31202,POJO (CBBA),alto riesgo obstetrico,parturienta con hijo anterior muerto,2002-04-01,1,1
21201,PUCARANI,alto riesgo obstetrico,parturienta con hijo anterior muerto,2002-04-01,1,1
31205,PUERTO VILLARROEL,alto riesgo obstetrico,parturienta con hijo anterior muerto,2002-04-01,4,4
51101,PUNA,alto riesgo obstetrico,parturienta con hijo anterior muerto,2002-04-01,1,1
31401,PUNATA,alto riesgo obstetrico,parturienta con hijo anterior muerto,2002-04-01,2,2
51601,SAN AGUSTIN,alto riesgo obstetrico,parturienta con hijo anterior muerto,2002-04-01,1,1
31403,SAN BENITO,alto riesgo obstetrico,parturienta con hijo anterior muerto,2002-04-01,1,1
70301,SAN IGNACIO DE VELASCO,alto riesgo obstetrico,parturienta con hijo anterior muerto,2002-04-01,1,1
71102,SAN JAVIER(STC),alto riesgo obstetrico,parturienta con hijo anterior muerto,2002-04-01,2,2
10702,SAN LUCAS,alto riesgo obstetrico,parturienta con hijo anterior muerto,2002-04-01,1,1
70302,SAN MIGUEL DE VELASCO,alto riesgo obstetrico,parturienta con hijo anterior muerto,2002-04-01,1,1
70101,SANTA CRUZ DE LA SIERRA,alto riesgo obstetrico,parturienta con hijo anterior muerto,2002-04-01,2,2
41401,SANTIAGO DE HUARI,alto riesgo obstetrico,parturienta con hijo anterior muerto,2002-04-01,1,1
40202,SANTUARIO DE QUILLACAS,alto riesgo obstetrico,parturienta con hijo anterior muerto,2002-04-01,1,1
10101,SUCRE,alto riesgo obstetrico,parturienta con hijo anterior muerto,2002-04-01,1,1
31101,TAPACARI,alto riesgo obstetrico,parturienta con hijo anterior muerto,2002-04-01,1,1
10601,TARABUCO,alto riesgo obstetrico,parturienta con hijo anterior muerto,2002-04-01,2,2
30502,VACAS,alto riesgo obstetrico,parturienta con hijo anterior muerto,2002-04-01,2,2
60303,VILLA MONTES,alto riesgo obstetrico,parturienta con hijo anterior muerto,2002-04-01,2,2
30904,VINTO,alto riesgo obstetrico,parturienta con hijo anterior muerto,2002-04-01,4,4
70201,WARNES,alto riesgo obstetrico,parturienta con hijo anterior muerto,2002-04-01,5,5
70403,YAPACANI,alto riesgo obstetrico,parturienta con hijo anterior muerto,2002-04-01,1,1
30301,AYOPAYA (V. DE INDEPENDENCIA),alto riesgo obstetrico,parturienta con hijo anterior muerto,2002-05-01,1,1
50301,BETANZOS,alto riesgo obstetrico,parturienta con hijo anterior muerto,2002-05-01,5,5
70707,BOYUIBE,alto riesgo obstetrico,parturienta con hijo anterior muerto,2002-05-01,1,1
30101,COCHABAMBA,alto riesgo obstetrico,parturienta con hijo anterior muerto,2002-05-01,3,3
30905,COLCAPIRHUA,alto riesgo obstetrico,parturienta con hijo anterior muerto,2002-05-01,1,1
31002,COLOMI,alto riesgo obstetrico,parturienta con hijo anterior muerto,2002-05-01,2,2
10902,CULPINA,alto riesgo obstetrico,parturienta con hijo anterior muerto,2002-05-01,2,2
20105,EL ALTO,alto riesgo obstetrico,parturienta con hijo anterior muerto,2002-05-01,5,5
40701,HUANUNI,alto riesgo obstetrico,parturienta con hijo anterior muerto,2002-05-01,4,4
70104,LA GUARDIA,alto riesgo obstetrico,parturienta con hijo anterior muerto,2002-05-01,1,1
71003,MINEROS,alto riesgo obstetrico,parturienta con hijo anterior muerto,2002-05-01,2,2
10501,MONTEAGUDO,alto riesgo obstetrico,parturienta con hijo anterior muerto,2002-05-01,1,1
71001,MONTERO,alto riesgo obstetrico,parturienta con hijo anterior muerto,2002-05-01,8,8
40101,ORURO,alto riesgo obstetrico,parturienta con hijo anterior muerto,2002-05-01,10,10
21802,PAPEL PAMPA,alto riesgo obstetrico,parturienta con hijo anterior muerto,2002-05-01,1,1
31205,PUERTO VILLARROEL,alto riesgo obstetrico,parturienta con hijo anterior muerto,2002-05-01,1,1
31001,SACABA,alto riesgo obstetrico,parturienta con hijo anterior muerto,2002-05-01,1,1
70301,SAN IGNACIO DE VELASCO,alto riesgo obstetrico,parturienta con hijo anterior muerto,2002-05-01,1,1
71102,SAN JAVIER(STC),alto riesgo obstetrico,parturienta con hijo anterior muerto,2002-05-01,1,1
70501,SAN JOSE DE CHIQUITOS,alto riesgo obstetrico,parturienta con hijo anterior muerto,2002-05-01,2,2
71104,SAN JULIAN,alto riesgo obstetrico,parturienta con hijo anterior muerto,2002-05-01,1,1
80702,SAN RAMON,alto riesgo obstetrico,parturienta con hijo anterior muerto,2002-05-01,2,2
30703,SICAYA,alto riesgo obstetrico,parturienta con hijo anterior muerto,2002-05-01,1,1
10403,SOPACHUY,alto riesgo obstetrico,parturienta con hijo anterior muerto,2002-05-01,1,1
10101,SUCRE,alto riesgo obstetrico,parturienta con hijo anterior muerto,2002-05-01,5,5
20603,TACACOMA,alto riesgo obstetrico,parturienta con hijo anterior muerto,2002-05-01,1,1
50303,TACOBAMBA,alto riesgo obstetrico,parturienta con hijo anterior muerto,2002-05-01,1,1
10601,TARABUCO,alto riesgo obstetrico,parturienta con hijo anterior muerto,2002-05-01,1,1
50102,TINGUIPAYA,alto riesgo obstetrico,parturienta con hijo anterior muerto,2002-05-01,1,1
10402,TOMINA,alto riesgo obstetrico,parturienta con hijo anterior muerto,2002-05-01,1,1
50801,TUPIZA,alto riesgo obstetrico,parturienta con hijo anterior muerto,2002-05-01,1,1
60401,URIONDO (A. CONCEPCION),alto riesgo obstetrico,parturienta con hijo anterior muerto,2002-05-01,1,1
71502,URUBICHA,alto riesgo obstetrico,parturienta con hijo anterior muerto,2002-05-01,1,1
30502,VACAS,alto riesgo obstetrico,parturienta con hijo anterior muerto,2002-05-01,1,1
70801,VALLEGRANDE,alto riesgo obstetrico,parturienta con hijo anterior muerto,2002-05-01,4,4
20801,VIACHA,alto riesgo obstetrico,parturienta con hijo anterior muerto,2002-05-01,1,1
60303,VILLA MONTES,alto riesgo obstetrico,parturienta con hijo anterior muerto,2002-05-01,1,1
30904,VINTO,alto riesgo obstetrico,parturienta con hijo anterior muerto,2002-05-01,8,8
50602,VITICHI,alto riesgo obstetrico,parturienta con hijo anterior muerto,2002-05-01,1,1
70201,WARNES,alto riesgo obstetrico,parturienta con hijo anterior muerto,2002-05-01,2,2
51302,ACACIO,alto riesgo obstetrico,parturienta con hijo anterior muerto,2002-06-01,1,1
20201,ACHACACHI,alto riesgo obstetrico,parturienta con hijo anterior muerto,2002-06-01,1,1
30201,AIQUILE,alto riesgo obstetrico,parturienta con hijo anterior muerto,2002-06-01,1,1
20202,ANCORAIMES,alto riesgo obstetrico,parturienta con hijo anterior muerto,2002-06-01,1,1
50301,BETANZOS,alto riesgo obstetrico,parturienta con hijo anterior muerto,2002-06-01,1,1
70707,BOYUIBE,alto riesgo obstetrico,parturienta con hijo anterior muerto,2002-06-01,1,1
70703,CABEZAS,alto riesgo obstetrico,parturienta con hijo anterior muerto,2002-06-01,3,3
20905,CAIROMA,alto riesgo obstetrico,parturienta con hijo anterior muerto,2002-06-01,1,1
30701,CAPINOTA,alto riesgo obstetrico,parturienta con hijo anterior muerto,2002-06-01,1,1
30101,COCHABAMBA,alto riesgo obstetrico,parturienta con hijo anterior muerto,2002-06-01,2,2
31002,COLOMI,alto riesgo obstetrico,parturienta con hijo anterior muerto,2002-06-01,1,1
20105,EL ALTO,alto riesgo obstetrico,parturienta con hijo anterior muerto,2002-06-01,2,2
40701,HUANUNI,alto riesgo obstetrico,parturienta con hijo anterior muerto,2002-06-01,3,3
20101,LA PAZ,alto riesgo obstetrico,parturienta con hijo anterior muerto,2002-06-01,1,1
20901,LURIBAY,alto riesgo obstetrico,parturienta con hijo anterior muerto,2002-06-01,1,1
71001,MONTERO,alto riesgo obstetrico,parturienta con hijo anterior muerto,2002-06-01,2,2
40101,ORURO,alto riesgo obstetrico,parturienta con hijo anterior muerto,2002-06-01,10,10
40602,PAZÑA,alto riesgo obstetrico,parturienta con hijo anterior muerto,2002-06-01,1,1
70601,PORTACHUELO,alto riesgo obstetrico,parturienta con hijo anterior muerto,2002-06-01,1,1
31205,PUERTO VILLARROEL,alto riesgo obstetrico,parturienta con hijo anterior muerto,2002-06-01,1,1
50402,RAVELO,alto riesgo obstetrico,parturienta con hijo anterior muerto,2002-06-01,5,5
70503,ROBORE,alto riesgo obstetrico,parturienta con hijo anterior muerto,2002-06-01,1,1
31001,SACABA,alto riesgo obstetrico,parturienta con hijo anterior muerto,2002-06-01,1,1
70901,SAMAIPATA,alto riesgo obstetrico,parturienta con hijo anterior muerto,2002-06-01,1,1
70301,SAN IGNACIO DE VELASCO,alto riesgo obstetrico,parturienta con hijo anterior muerto,2002-06-01,2,2
10702,SAN LUCAS,alto riesgo obstetrico,parturienta con hijo anterior muerto,2002-06-01,1,1
30902,SIPE SIPE,alto riesgo obstetrico,parturienta con hijo anterior muerto,2002-06-01,2,2
31101,TAPACARI,alto riesgo obstetrico,parturienta con hijo anterior muerto,2002-06-01,1,1
50201,UNCIA,alto riesgo obstetrico,parturienta con hijo anterior muerto,2002-06-01,1,1
60303,VILLA MONTES,alto riesgo obstetrico,parturienta con hijo anterior muerto,2002-06-01,2,2
10801,VILLA SERRANO,alto riesgo obstetrico,parturienta con hijo anterior muerto,2002-06-01,1,1
30904,VINTO,alto riesgo obstetrico,parturienta con hijo anterior muerto,2002-06-01,3,3
20202,ANCORAIMES,alto riesgo obstetrico,parturienta con hijo anterior muerto,2002-07-01,1,1
21304,CALAMARCA,alto riesgo obstetrico,parturienta con hijo anterior muerto,2002-07-01,1,1
30801,CLIZA,alto riesgo obstetrico,parturienta con hijo anterior muerto,2002-07-01,2,2
70102,COTOCA,alto riesgo obstetrico,parturienta con hijo anterior muerto,2002-07-01,1,1
10902,CULPINA,alto riesgo obstetrico,parturienta con hijo anterior muerto,2002-07-01,1,1
70105,EL TORNO,alto riesgo obstetrico,parturienta con hijo anterior muerto,2002-07-01,1,1
50203,LLALLAGUA,alto riesgo obstetrico,parturienta con hijo anterior muerto,2002-07-01,3,3
10501,MONTEAGUDO,alto riesgo obstetrico,parturienta con hijo anterior muerto,2002-07-01,2,2
31203,POCONA,alto riesgo obstetrico,parturienta con hijo anterior muerto,2002-07-01,1,1
31202,POJO (CBBA),alto riesgo obstetrico,parturienta con hijo anterior muerto,2002-07-01,1,1
31001,SACABA,alto riesgo obstetrico,parturienta con hijo anterior muerto,2002-07-01,1,1
70301,SAN IGNACIO DE VELASCO,alto riesgo obstetrico,parturienta con hijo anterior muerto,2002-07-01,1,1
10702,SAN LUCAS,alto riesgo obstetrico,parturienta con hijo anterior muerto,2002-07-01,2,2
20601,SORATA,alto riesgo obstetrico,parturienta con hijo anterior muerto,2002-07-01,5,5
50102,TINGUIPAYA,alto riesgo obstetrico,parturienta con hijo anterior muerto,2002-07-01,1,1
30502,VACAS,alto riesgo obstetrico,parturienta con hijo anterior muerto,2002-07-01,1,1
70801,VALLEGRANDE,alto riesgo obstetrico,parturienta con hijo anterior muerto,2002-07-01,1,1
60303,VILLA MONTES,alto riesgo obstetrico,parturienta con hijo anterior muerto,2002-07-01,3,3
20201,ACHACACHI,alto riesgo obstetrico,parturienta con hijo anterior muerto,2002-08-01,2,2
10201,AZURDUY,alto riesgo obstetrico,parturienta con hijo anterior muerto,2002-08-01,1,1
60202,BERMEJO,alto riesgo obstetrico,parturienta con hijo anterior muerto,2002-08-01,1,1
30701,CAPINOTA,alto riesgo obstetrico,parturienta con hijo anterior muerto,2002-08-01,3,3
70702,CHARAGUA,alto riesgo obstetrico,parturienta con hijo anterior muerto,2002-08-01,3,3
30101,COCHABAMBA,alto riesgo obstetrico,parturienta con hijo anterior muerto,2002-08-01,2,2
31002,COLOMI,alto riesgo obstetrico,parturienta con hijo anterior muerto,2002-08-01,1,1
10902,CULPINA,alto riesgo obstetrico,parturienta con hijo anterior muerto,2002-08-01,1,1
10703,INCAHUASI,alto riesgo obstetrico,parturienta con hijo anterior muerto,2002-08-01,3,3
31301,MIZQUE,alto riesgo obstetrico,parturienta con hijo anterior muerto,2002-08-01,1,1
10501,MONTEAGUDO,alto riesgo obstetrico,parturienta con hijo anterior muerto,2002-08-01,3,3
31202,POJO (CBBA),alto riesgo obstetrico,parturienta con hijo anterior muerto,2002-08-01,1,1
31001,SACABA,alto riesgo obstetrico,parturienta con hijo anterior muerto,2002-08-01,7,7
70302,SAN MIGUEL DE VELASCO,alto riesgo obstetrico,parturienta con hijo anterior muerto,2002-08-01,1,1
10403,SOPACHUY,alto riesgo obstetrico,parturienta con hijo anterior muerto,2002-08-01,1,1
10202,TARVITA,alto riesgo obstetrico,parturienta con hijo anterior muerto,2002-08-01,1,1
60303,VILLA MONTES,alto riesgo obstetrico,parturienta con hijo anterior muerto,2002-08-01,2,2
31303,ALALAY,alto riesgo obstetrico,parturienta con hijo anterior muerto,2002-09-01,1,1
50802,ATOCHA,alto riesgo obstetrico,parturienta con hijo anterior muerto,2002-09-01,1,1
70702,CHARAGUA,alto riesgo obstetrico,parturienta con hijo anterior muerto,2002-09-01,2,2
30101,COCHABAMBA,alto riesgo obstetrico,parturienta con hijo anterior muerto,2002-09-01,4,4
50203,LLALLAGUA,alto riesgo obstetrico,parturienta con hijo anterior muerto,2002-09-01,2,2
10501,MONTEAGUDO,alto riesgo obstetrico,parturienta con hijo anterior muerto,2002-09-01,2,2
50404,OCURI,alto riesgo obstetrico,parturienta con hijo anterior muerto,2002-09-01,1,1
31202,POJO (CBBA),alto riesgo obstetrico,parturienta con hijo anterior muerto,2002-09-01,2,2
31001,SACABA,alto riesgo obstetrico,parturienta con hijo anterior muerto,2002-09-01,5,5
30702,SANTIVAÑES,alto riesgo obstetrico,parturienta con hijo anterior muerto,2002-09-01,5,5
10403,SOPACHUY,alto riesgo obstetrico,parturienta con hijo anterior muerto,2002-09-01,2,2
31201,TOTORA(CBBA),alto riesgo obstetrico,parturienta con hijo anterior muerto,2002-09-01,1,1
60303,VILLA MONTES,alto riesgo obstetrico,parturienta con hijo anterior muerto,2002-09-01,1,1
11001,VILLA VACA GUZMAN (MUYUPAMPA),alto riesgo obstetrico,parturienta con hijo anterior muerto,2002-09-01,1,1
50602,VITICHI,alto riesgo obstetrico,parturienta con hijo anterior muerto,2002-09-01,1,1
30101,COCHABAMBA,alto riesgo obstetrico,parturienta con hijo anterior muerto,2002-10-01,1,1
10405,EL VILLAR,alto riesgo obstetrico,parturienta con hijo anterior muerto,2002-10-01,1,1
10502,HUACARETA,alto riesgo obstetrico,parturienta con hijo anterior muerto,2002-10-01,1,1
11002,HUACAYA (VILLA DE HUACAYA),alto riesgo obstetrico,parturienta con hijo anterior muerto,2002-10-01,1,1
10501,MONTEAGUDO,alto riesgo obstetrico,parturienta con hijo anterior muerto,2002-10-01,2,2
31202,POJO (CBBA),alto riesgo obstetrico,parturienta con hijo anterior muerto,2002-10-01,1,1
31001,SACABA,alto riesgo obstetrico,parturienta con hijo anterior muerto,2002-10-01,4,4
31101,TAPACARI,alto riesgo obstetrico,parturienta con hijo anterior muerto,2002-10-01,1,1
60303,VILLA MONTES,alto riesgo obstetrico,parturienta con hijo anterior muerto,2002-10-01,1,1
11001,VILLA VACA GUZMAN (MUYUPAMPA),alto riesgo obstetrico,parturienta con hijo anterior muerto,2002-10-01,1,1
50602,VITICHI,alto riesgo obstetrico,parturienta con hijo anterior muerto,2002-10-01,1,1
31303,ALALAY,alto riesgo obstetrico,parturienta con hijo anterior muerto,2002-11-01,2,2
30101,COCHABAMBA,alto riesgo obstetrico,parturienta con hijo anterior muerto,2002-11-01,1,1
10405,EL VILLAR,alto riesgo obstetrico,parturienta con hijo anterior muerto,2002-11-01,1,1
11002,HUACAYA (VILLA DE HUACAYA),alto riesgo obstetrico,parturienta con hijo anterior muerto,2002-11-01,2,2
50203,LLALLAGUA,alto riesgo obstetrico,parturienta con hijo anterior muerto,2002-11-01,1,1
31001,SACABA,alto riesgo obstetrico,parturienta con hijo anterior muerto,2002-11-01,1,1
70101,SANTA CRUZ DE LA SIERRA,alto riesgo obstetrico,parturienta con hijo anterior muerto,2002-11-01,1,1
31101,TAPACARI,alto riesgo obstetrico,parturienta con hijo anterior muerto,2002-11-01,1,1
11001,VILLA VACA GUZMAN (MUYUPAMPA),alto riesgo obstetrico,parturienta con hijo anterior muerto,2002-11-01,1,1
30101,COCHABAMBA,alto riesgo obstetrico,parturienta con hijo anterior muerto,2002-12-01,2,2
11002,HUACAYA (VILLA DE HUACAYA),alto riesgo obstetrico,parturienta con hijo anterior muerto,2002-12-01,1,1
50203,LLALLAGUA,alto riesgo obstetrico,parturienta con hijo anterior muerto,2002-12-01,2,2
11003,MACHARETI,alto riesgo obstetrico,parturienta con hijo anterior muerto,2002-12-01,1,1
10501,MONTEAGUDO,alto riesgo obstetrico,parturienta con hijo anterior muerto,2002-12-01,16,16
31001,SACABA,alto riesgo obstetrico,parturienta con hijo anterior muerto,2002-12-01,1,1
10403,SOPACHUY,alto riesgo obstetrico,parturienta con hijo anterior muerto,2002-12-01,1,1
50201,UNCIA,alto riesgo obstetrico,parturienta con hijo anterior muerto,2002-12-01,2,2
50203,LLALLAGUA,alto riesgo obstetrico,parturienta con hijo anterior muerto,2003-01-01,3,3
10501,MONTEAGUDO,alto riesgo obstetrico,parturienta con hijo anterior muerto,2003-01-01,1,1
50203,LLALLAGUA,alto riesgo obstetrico,parturienta con hijo anterior muerto,2003-02-01,2,2
30101,COCHABAMBA,alto riesgo obstetrico,parturienta con hijo anterior muerto,2003-03-01,1,1
70101,SANTA CRUZ DE LA SIERRA,alto riesgo obstetrico,parturienta con hijo anterior muerto,2003-03-01,1,1
31101,TAPACARI,alto riesgo obstetrico,parturienta con hijo anterior muerto,2003-03-01,1,1
50203,LLALLAGUA,alto riesgo obstetrico,parturienta con hijo anterior muerto,2003-04-01,2,2
11001,VILLA VACA GUZMAN (MUYUPAMPA),alto riesgo obstetrico,parturienta con hijo anterior muerto,2003-04-01,2,2
50203,LLALLAGUA,alto riesgo obstetrico,parturienta con hijo anterior muerto,2003-05-01,1,1
30101,COCHABAMBA,alto riesgo obstetrico,parturienta con hijo anterior muerto,2003-06-01,2,2
50203,LLALLAGUA,alto riesgo obstetrico,parturienta con hijo anterior muerto,2003-06-01,2,2
30201,AIQUILE,alto riesgo obstetrico,parturienta con hijo anterior muerto,2003-07-01,2,2
50203,LLALLAGUA,alto riesgo obstetrico,parturienta con hijo anterior muerto,2003-07-01,2,2
70101,SANTA CRUZ DE LA SIERRA,alto riesgo obstetrico,parturienta con hijo anterior muerto,2003-08-01,3,3
31101,TAPACARI,alto riesgo obstetrico,parturienta con hijo anterior muerto,2003-08-01,1,1
30101,COCHABAMBA,alto riesgo obstetrico,parturienta con hijo anterior muerto,2003-09-01,2,2
70101,SANTA CRUZ DE LA SIERRA,alto riesgo obstetrico,parturienta con hijo anterior muerto,2003-10-01,2,2
50102,TINGUIPAYA,alto riesgo obstetrico,parturienta con hijo anterior muerto,2003-11-01,2,2
30901,QUILLACOLLO,alto riesgo obstetrico,parturienta con hijo anterior muerto,2003-12-01,3,3
